-- MySQL dump 10.13  Distrib 8.0.32, for Win64 (x86_64)
--
-- Host: localhost    Database: clock
-- ------------------------------------------------------
-- Server version	8.0.32

/*!40101 SET @OLD_CHARACTER_SET_CLIENT=@@CHARACTER_SET_CLIENT */;
/*!40101 SET @OLD_CHARACTER_SET_RESULTS=@@CHARACTER_SET_RESULTS */;
/*!40101 SET @OLD_COLLATION_CONNECTION=@@COLLATION_CONNECTION */;
/*!50503 SET NAMES utf8 */;
/*!40103 SET @OLD_TIME_ZONE=@@TIME_ZONE */;
/*!40103 SET TIME_ZONE='+00:00' */;
/*!40014 SET @OLD_UNIQUE_CHECKS=@@UNIQUE_CHECKS, UNIQUE_CHECKS=0 */;
/*!40014 SET @OLD_FOREIGN_KEY_CHECKS=@@FOREIGN_KEY_CHECKS, FOREIGN_KEY_CHECKS=0 */;
/*!40101 SET @OLD_SQL_MODE=@@SQL_MODE, SQL_MODE='NO_AUTO_VALUE_ON_ZERO' */;
/*!40111 SET @OLD_SQL_NOTES=@@SQL_NOTES, SQL_NOTES=0 */;

--
-- Table structure for table `applications`
--

DROP TABLE IF EXISTS `applications`;
/*!40101 SET @saved_cs_client     = @@character_set_client */;
/*!50503 SET character_set_client = utf8mb4 */;
CREATE TABLE `applications` (
  `id` int NOT NULL AUTO_INCREMENT,
  `sender_id` int DEFAULT NULL,
  `process_id` int DEFAULT NULL,
  `department_id` int DEFAULT NULL,
  `content` varchar(45) DEFAULT NULL,
  `event` varchar(45) DEFAULT NULL,
  `create_time` datetime DEFAULT NULL,
  `apply_time` datetime DEFAULT NULL,
  `description` varchar(45) DEFAULT NULL,
  `state` varchar(45) DEFAULT NULL,
  `makeup_clock` date DEFAULT NULL,
  PRIMARY KEY (`id`)
) ENGINE=InnoDB AUTO_INCREMENT=208 DEFAULT CHARSET=utf8mb4 COLLATE=utf8mb4_0900_ai_ci;
/*!40101 SET character_set_client = @saved_cs_client */;

--
-- Dumping data for table `applications`
--

LOCK TABLES `applications` WRITE;
/*!40000 ALTER TABLE `applications` DISABLE KEYS */;
INSERT INTO `applications` VALUES (43,1,977073,191406,NULL,'hr授予用户权限','2023-03-21 14:46:42',NULL,NULL,'已处理',NULL),(45,1,220737,191406,NULL,'hr邀请员工','2023-03-21 17:59:45','2023-03-21 19:21:52','暂无描述','接受',NULL),(48,1,156919,191406,NULL,'hr邀请员工','2023-03-21 19:45:15','2023-03-21 19:45:35','暂无描述','拒绝',NULL),(52,1,156919,191406,NULL,'hr辞退员工','2023-03-21 20:36:43','2023-03-21 20:45:49','暂无描述','拒绝',NULL),(53,1,156919,191406,NULL,'hr辞退员工','2023-03-21 20:55:32','2023-03-21 20:55:59','暂无描述','拒绝',NULL),(54,1,156919,191406,NULL,'hr辞退员工','2023-03-21 20:59:21','2023-03-21 20:59:28','暂无描述','拒绝',NULL),(55,1,156919,191406,NULL,'hr辞退员工','2023-03-21 21:02:20','2023-03-21 21:02:23','暂无描述','拒绝',NULL),(56,1,156919,191406,NULL,'hr辞退员工','2023-03-21 21:03:05','2023-03-21 21:03:08','暂无描述','拒绝',NULL),(57,1,156919,191406,NULL,'hr辞退员工','2023-03-21 21:03:16','2023-03-21 21:14:13','暂无描述','接受',NULL),(59,1,156919,191406,NULL,'hr辞退员工','2023-03-21 21:22:08','2023-03-21 21:22:19','暂无描述','接受',NULL),(60,1,156919,191406,NULL,'hr邀请员工','2023-03-21 21:25:39','2023-03-21 21:26:11','暂无描述','接受',NULL),(61,1,156919,191406,NULL,'hr辞退员工','2023-03-21 21:26:32','2023-03-21 21:26:40','暂无描述','接受',NULL),(62,1,156919,191406,NULL,'hr邀请员工','2023-03-21 21:30:06','2023-03-21 21:30:15','暂无描述','接受',NULL),(63,1,156919,191406,NULL,'hr辞退员工','2023-03-21 21:31:34','2023-03-21 21:31:51','暂无描述','接受',NULL),(64,1,156919,191406,NULL,'hr邀请员工','2023-03-21 21:42:31','2023-03-21 21:43:31','暂无描述','接受',NULL),(65,1,156919,191406,NULL,'hr辞退员工','2023-03-21 21:43:46','2023-03-21 21:45:03','暂无描述','接受',NULL),(72,355239,103947,411815,NULL,'hr邀请员工','2023-03-22 16:20:08',NULL,'暂无描述','待审批',NULL),(107,355239,0,675076,NULL,'boss创建公司','2010-12-23 00:00:00','2023-03-27 10:24:31','暂无描述','接受',NULL),(109,10,NULL,191406,'签退','员工申请补打卡','2023-03-27 16:28:31','2023-03-28 09:05:22','补卡','接受','2023-03-21'),(112,140702,355239,675076,NULL,'员工申请加入团队','2023-03-27 19:55:56','2023-03-27 21:19:56','暂无描述','拒绝',NULL),(113,140702,0,775324,NULL,'boss创建团队','2023-03-27 21:25:33','2023-03-28 08:58:12','暂无描述','接受',NULL),(114,140702,355239,675076,NULL,'员工申请加入团队','2023-03-27 21:26:20','2023-03-27 21:26:43','暂无描述','接受',NULL),(116,355239,140702,675076,NULL,'辞退员工','2023-03-28 09:05:24','2023-03-28 10:09:00','暂无描述','拒绝',NULL),(117,10,1,191406,'签退','员工申请补打卡','2023-03-28 09:06:55','2023-03-28 09:07:56','补卡','拒绝','2023-03-26'),(118,10,1,191406,'签到','员工申请补打卡','2023-03-28 09:07:02','2023-03-28 09:07:33','补卡','拒绝','2023-03-26'),(119,10,1,191406,'签退','员工申请补打卡','2023-03-28 09:09:25','2023-03-28 10:40:27','补卡','拒绝','2023-03-25'),(120,10,1,191406,'签到','员工申请补打卡','2023-03-28 09:09:37','2023-03-28 09:11:20','补卡','接受','2023-03-25'),(121,10,1,191406,'签退','员工申请补打卡','2023-03-28 09:13:30','2023-03-28 10:40:28','补卡','拒绝','2023-03-23'),(122,10,1,191406,'签退','员工申请补打卡','2023-03-28 09:14:02','2023-03-28 10:40:29','补卡','拒绝','2023-03-03'),(123,10,1,191406,'签退','员工申请补打卡','2023-03-28 09:20:07','2023-03-28 10:40:29','补卡','拒绝','2023-03-01'),(124,208095,355239,675076,NULL,'员工申请加入团队','2023-03-28 09:20:39','2023-03-28 09:29:29','暂无描述','拒绝',NULL),(125,10,1,191406,'签退','员工申请补打卡','2023-03-28 09:20:50','2023-03-28 10:40:30','补卡','接受','2023-03-08'),(127,208095,0,167353,NULL,'boss创建团队','2023-03-28 09:31:55','2023-03-28 09:32:17','暂无描述','拒绝',NULL),(128,208095,0,716010,NULL,'boss创建团队','2023-03-28 09:34:38','2023-03-28 09:35:40','暂无描述','接受',NULL),(129,355239,140702,675076,NULL,'boss授予用户权限','2023-03-28 10:01:23',NULL,NULL,'已处理',NULL),(133,10,1,191406,'23:00 00:00','员工申请加班','2023-03-28 10:12:12','2023-03-28 10:40:21','加班卷','接受',NULL),(134,355239,140702,675076,NULL,'辞退员工','2023-03-28 10:21:49','2023-03-28 10:22:19','暂无描述','接受',NULL),(136,10,1,191406,'2023-03-282023-03-31','员工申请请假','2023-03-28 10:39:03','2023-03-28 10:39:12','请假回家学习','拒绝',NULL),(137,10,1,191406,'2023-03-282023-03-30','员工申请请假','2023-03-28 10:39:27','2023-03-28 10:39:32','请假回家学习','接受',NULL),(138,10,1,191406,'2023-04-012023-04-03','员工申请请假','2023-03-28 10:40:05','2023-03-28 10:40:16','请假回家卷','拒绝',NULL),(139,355239,494490,675076,NULL,'邀请员工','2023-03-28 10:49:06','2023-03-28 11:28:45','暂无描述','接受',NULL),(140,10,NULL,191406,'2023-03-292023-03-30','员工申请请假','2023-03-28 10:50:10',NULL,'请假回家学习到12点','待审批',NULL),(143,208095,0,716010,NULL,'hr删除团队','2023-03-28 11:15:07','2023-03-28 11:17:56',NULL,'拒绝',NULL),(144,208095,0,716010,NULL,'hr删除团队','2023-03-28 11:21:55','2023-03-28 11:22:58',NULL,'拒绝',NULL),(145,208095,0,716010,NULL,'hr删除团队','2023-03-28 11:24:14','2023-03-28 11:24:26',NULL,'拒绝',NULL),(146,208095,0,716010,NULL,'hr删除团队','2023-03-28 11:25:49','2023-03-28 11:26:00',NULL,'接受',NULL),(147,494490,355239,675076,'签到','员工申请补打卡','2023-03-28 11:39:03','2023-03-28 15:44:46','堵车','拒绝','2023-03-27'),(148,10,NULL,191406,'23:30 00:00','员工申请加班','2023-03-28 12:31:53',NULL,'加班','待审批',NULL),(149,282496,355239,675076,NULL,'员工申请加入团队','2023-03-28 14:56:35','2023-03-28 15:44:44','暂无描述','拒绝',NULL),(150,9,NULL,191406,'签到','员工申请补打卡','2023-03-28 15:17:30',NULL,'上班','待审批','2023-03-28'),(151,494490,355239,675076,'签退','员工申请补打卡','2023-03-28 15:33:21','2023-03-28 15:43:51','家里有事','拒绝','2023-03-27'),(152,494490,355239,675076,'签到','员工申请补打卡','2023-03-28 15:34:52','2023-03-28 15:43:50','堵车','拒绝','2023-03-26'),(153,494490,355239,675076,'签退','员工申请补打卡','2023-03-28 15:35:06','2023-03-28 15:43:46','家里有事','拒绝','2023-03-26'),(154,494490,355239,675076,'签到','员工申请补打卡','2023-03-28 15:35:18','2023-03-28 15:43:45','看病','接受','2023-03-25'),(155,494490,355239,675076,'签到','员工申请补打卡','2023-03-28 15:38:56','2023-03-28 15:43:43','出差','接受','2023-03-24'),(156,494490,355239,675076,'签退','员工申请补打卡','2023-03-28 15:39:06','2023-03-28 15:43:40','出差','接受','2023-03-24'),(157,494490,355239,675076,'签到','员工申请补打卡','2023-03-28 15:39:11','2023-03-28 15:43:40','出差','接受','2023-03-23'),(158,494490,355239,675076,'签退','员工申请补打卡','2023-03-28 15:39:16','2023-03-28 15:43:38','出差','接受','2023-03-23'),(159,494490,355239,675076,'签到','员工申请补打卡','2023-03-28 15:39:21','2023-03-28 15:43:39','出差','接受','2023-03-22'),(160,494490,355239,675076,'签退','员工申请补打卡','2023-03-28 15:39:25','2023-03-28 15:43:37','出差','接受','2023-03-22'),(161,494490,355239,675076,'签到','员工申请补打卡','2023-03-28 15:39:28','2023-03-28 15:43:38','出差','接受','2023-03-21'),(162,494490,355239,675076,'签退','员工申请补打卡','2023-03-28 15:39:37','2023-03-28 15:43:36','出差','接受','2023-03-21'),(163,494490,355239,675076,'签退','员工申请补打卡','2023-03-28 15:39:41','2023-03-28 15:43:37','出差','接受','2023-03-20'),(164,494490,355239,675076,'签退','员工申请补打卡','2023-03-28 15:39:49','2023-03-28 15:43:34','出差','接受','2023-03-19'),(165,494490,355239,675076,'签到','员工申请补打卡','2023-03-28 15:39:53','2023-03-28 15:43:35','出差','接受','2023-03-19'),(166,494490,355239,675076,'签到','员工申请补打卡','2023-03-28 15:39:58','2023-03-28 15:43:33','出差','接受','2023-03-12'),(167,494490,355239,675076,'签退','员工申请补打卡','2023-03-28 15:40:02','2023-03-28 15:43:34','出差','接受','2023-03-12'),(168,494490,355239,675076,'签到','员工申请补打卡','2023-03-28 15:40:06','2023-03-28 15:43:32','出差','接受','2023-03-13'),(169,494490,355239,675076,'签退','员工申请补打卡','2023-03-28 15:40:10','2023-03-28 15:43:32','出差','接受','2023-03-13'),(170,494490,355239,675076,'签到','员工申请补打卡','2023-03-28 15:40:13','2023-03-28 15:43:31','出差','接受','2023-03-14'),(171,494490,355239,675076,'签退','员工申请补打卡','2023-03-28 15:40:17','2023-03-28 15:43:31','出差','接受','2023-03-14'),(172,494490,355239,675076,'签到','员工申请补打卡','2023-03-28 15:40:20','2023-03-28 15:43:29','出差','接受','2023-03-15'),(173,494490,355239,675076,'签退','员工申请补打卡','2023-03-28 15:40:24','2023-03-28 15:43:30','出差','接受','2023-03-15'),(174,494490,355239,675076,'签到','员工申请补打卡','2023-03-28 15:40:27','2023-03-28 15:43:11','出差','接受','2023-03-16'),(175,494490,355239,675076,'签退','员工申请补打卡','2023-03-28 15:40:30','2023-03-28 15:43:28','出差','接受','2023-03-16'),(176,494490,355239,675076,'签到','员工申请补打卡','2023-03-28 15:40:34','2023-03-28 15:43:10','出差','接受','2023-03-17'),(177,494490,355239,675076,'签退','员工申请补打卡','2023-03-28 15:40:38','2023-03-28 15:43:23','出差','接受','2023-03-17'),(178,494490,355239,675076,'签到','员工申请补打卡','2023-03-28 15:40:41','2023-03-28 15:43:10','出差','接受','2023-03-18'),(179,494490,355239,675076,'签到','员工申请补打卡','2023-03-28 15:40:46','2023-03-28 15:43:03','出差','接受','2023-03-05'),(180,494490,355239,675076,'签退','员工申请补打卡','2023-03-28 15:40:49','2023-03-28 15:43:27','出差','接受','2023-03-05'),(181,494490,355239,675076,'签到','员工申请补打卡','2023-03-28 15:40:53','2023-03-28 15:43:02','出差','接受','2023-03-06'),(182,494490,355239,675076,'签退','员工申请补打卡','2023-03-28 15:40:57','2023-03-28 15:43:09','出差','接受','2023-03-06'),(183,494490,355239,675076,'签到','员工申请补打卡','2023-03-28 15:41:00','2023-03-28 15:43:01','出差','接受','2023-03-07'),(184,494490,355239,675076,'签退','员工申请补打卡','2023-03-28 15:41:04','2023-03-28 15:43:21','出差','接受','2023-03-07'),(185,494490,355239,675076,'签到','员工申请补打卡','2023-03-28 15:41:07','2023-03-28 15:43:01','出差','拒绝','2023-03-08'),(186,494490,355239,675076,'签退','员工申请补打卡','2023-03-28 15:41:11','2023-03-28 15:43:09','出差','接受','2023-03-08'),(187,494490,355239,675076,'签到','员工申请补打卡','2023-03-28 15:41:14','2023-03-28 15:43:00','出差','接受','2023-03-09'),(188,494490,355239,675076,'签到','员工申请补打卡','2023-03-28 15:41:18','2023-03-28 15:43:25','出差','接受','2023-03-10'),(189,494490,355239,675076,'签到','员工申请补打卡','2023-03-28 15:41:25','2023-03-28 15:42:59','出差','接受','2023-03-11'),(190,494490,355239,675076,'签退','员工申请补打卡','2023-03-28 15:41:33','2023-03-28 15:43:08','出差','接受','2023-03-01'),(191,494490,355239,675076,'签到','员工申请补打卡','2023-03-28 15:41:40','2023-03-28 15:42:59','出差','接受','2023-03-01'),(192,494490,355239,675076,'签到','员工申请补打卡','2023-03-28 15:41:44','2023-03-28 15:43:18','出差','接受','2023-03-03'),(193,494490,355239,675076,'签到','员工申请补打卡','2023-03-28 15:41:49','2023-03-28 15:42:58','出差','接受','2023-03-04'),(194,494490,355239,675076,'签退','员工申请补打卡','2023-03-28 15:41:53','2023-03-28 15:43:08','出差','接受','2023-03-04'),(195,494490,355239,675076,'签退','员工申请补打卡','2023-03-28 15:41:56','2023-03-28 15:42:58','出差','接受','2023-03-03'),(196,494490,355239,675076,'签到','员工申请补打卡','2023-03-28 15:53:32','2023-03-28 16:02:21','出差','接受','2023-03-02'),(197,494490,355239,675076,'签退','员工申请补打卡','2023-03-28 15:53:39','2023-03-28 16:02:19','出差','接受','2023-03-02'),(198,494490,355239,675076,'签退','员工申请补打卡','2023-03-28 15:53:52','2023-03-28 16:02:20','出差','接受','2023-03-09'),(199,494490,355239,675076,'签退','员工申请补打卡','2023-03-28 15:54:04','2023-03-28 16:02:18','出差','接受','2023-03-25'),(200,494490,355239,675076,'签退','员工申请补打卡','2023-03-28 15:54:09','2023-03-28 15:57:42','出差','接受','2023-03-18'),(201,494490,355239,675076,'签退','员工申请补打卡','2023-03-28 15:54:14','2023-03-28 15:57:15','出差','拒绝','2023-03-11'),(202,494490,NULL,675076,'签退','员工申请补打卡','2023-03-28 16:15:23',NULL,'堵车','待审批','2023-04-07'),(203,355239,0,112359,NULL,'boss创建团队','2022-10-12 00:00:00',NULL,'暂无描述','待审批',NULL),(204,494490,355239,675076,'17:30 18:30','员工申请加班','2023-03-28 16:25:33','2023-03-28 17:20:17','报表未完成','拒绝',NULL),(205,494490,355239,675076,'2023-04-052023-04-06','员工申请请假','2023-03-28 17:12:25','2023-03-28 17:22:45','病假','拒绝',NULL),(206,494490,355239,675076,'19:00 20:30','员工申请加班','2023-03-28 17:18:45','2023-03-28 17:20:34','计划未完成','接受',NULL),(207,494490,355239,675076,'2023-03-292023-03-30','员工申请请假','2023-03-28 17:27:03','2023-03-28 17:27:21','病假','接受',NULL);
/*!40000 ALTER TABLE `applications` ENABLE KEYS */;
UNLOCK TABLES;

--
-- Table structure for table `departments`
--

DROP TABLE IF EXISTS `departments`;
/*!40101 SET @saved_cs_client     = @@character_set_client */;
/*!50503 SET character_set_client = utf8mb4 */;
CREATE TABLE `departments` (
  `departmentid` int NOT NULL,
  `HRuid` int DEFAULT NULL,
  `createTime` datetime DEFAULT NULL,
  `state` varchar(45) DEFAULT NULL,
  `description` varchar(445) DEFAULT NULL,
  `departmentName` varchar(45) DEFAULT NULL,
  `hourPay` varchar(45) DEFAULT NULL,
  `workOverPay` varchar(45) DEFAULT NULL,
  `workOverLimit` varchar(45) DEFAULT NULL,
  `startTime` time DEFAULT NULL,
  `endTime` time DEFAULT NULL,
  `workdays` varchar(45) DEFAULT NULL,
  `phone` varchar(45) DEFAULT NULL,
  `address` varchar(45) DEFAULT NULL,
  `rmb` varchar(45) DEFAULT NULL,
  PRIMARY KEY (`departmentid`)
) ENGINE=InnoDB DEFAULT CHARSET=utf8mb4 COLLATE=utf8mb4_0900_ai_ci;
/*!40101 SET character_set_client = @saved_cs_client */;

--
-- Dumping data for table `departments`
--

LOCK TABLES `departments` WRITE;
/*!40000 ALTER TABLE `departments` DISABLE KEYS */;
INSERT INTO `departments` VALUES (112359,355239,'2022-10-12 00:00:00','待审批','暂无描述','长信网络信息公司','','','2','09:00:00','16:30:00','107','0551-56897609','上海市上海市静安区老沪太路1221号','100万'),(167353,208095,'2023-03-28 09:31:55','待审批','暂无描述','尚美旗舰','','','2','09:30:00','18:00:00','27','0551-87906543','安徽省合肥市绩溪路33号','100万'),(191406,1,'2023-03-15 11:25:30','已注册','该部门成立于315，是一所基于ai驱动的A轮融资大公司','白雪公组','250','500','1','10:00:00','23:00:00','127','0245-7305944','江苏省苏州市 工业园区文慧人才公寓','150'),(561698,208095,'2023-03-28 09:22:26','待审批','暂无描述','尚美旗舰','','','1','09:00:00','17:00:00','27','0551-65478869','安徽省合肥市绩溪路33号','100万'),(675076,355239,'2010-12-23 00:00:00','待审批','全国有名的快递团队','哪儿都通','20','30','3','09:00:00','17:30:00','31','0553-69993879','浙江省杭州市环城北路318号','50000'),(775324,140702,'2023-03-27 21:25:33','待审批','暂无描述','认养几头牛','','','2','08:00:00','17:00:00','27','0552-78659901','内蒙古自治区呼和浩特市新城区东风路街道','50万'),(10238505,746709,'2020-02-04 03:12:17','已注册','济南亿次元传媒团队是一家专注于人工智能领域的科技公司，致力于改善人类生活, 智能改变生活是我们的口号;人工智能是我们的主要定位，将人工智能技术应用于虚拟现实领域','济南亿次元传媒团队','46','108','1','08:00:00','20:00:00','0','022-29899667','上海市健县永川郭路K座 195419','9219万'),(10415427,639283,'2020-10-05 13:03:11','已注册','雨林木风计算机网络团队是一家专注于机器学习领域的科技公司，致力于提升生产力, 智能改变生活是我们的口号;机器学习是我们的主要定位，将机器学习技术应用于虚拟现实领域','雨林木风计算机网络团队','45','95','3','11:00:00','19:00:00','99','025-39347477','黑龙江省丽娟市安次宁德街h座 114967','2029万'),(13475815,1,'2017-09-04 23:55:36','已注册','佳禾信息团队是一家专注于物联网领域的科技公司，致力于推动行业发展, 连接万物是我们的口号;物联网是我们的主要定位，专注于物联网领域的创新研发','佳禾信息团队','32','109','0','09:00:00','23:00:00','31','028-80526803','福建省峰市兴山辽阳路m座 762758','4702万'),(14867727,624350,'2016-07-16 19:26:08','已注册','浙大万朋信息团队是一家专注于机器学习领域的科技公司，致力于改善人类生活, 智能改变生活是我们的口号;机器学习是我们的主要定位，致力于为用户提供最好的机器学习服务','浙大万朋信息团队','26','100','1','11:00:00','20:00:00','29','0756-39158155','湖南省飞市房山刘街w座 836718','8521万'),(15599742,714767,'2020-03-13 04:31:41','已注册','襄樊地球村传媒团队是一家专注于云计算领域的科技公司，致力于提升生产力, 数据驱动商业是我们的口号;云计算是我们的主要定位，打造智能云计算应用的领先品牌','襄樊地球村传媒团队','38','100','0','09:00:00','19:00:00','104','028-23215864','湖南省成县朝阳胡路k座 446307','8857万'),(15631732,650160,'2019-06-16 08:12:55','已注册','天开传媒团队是一家专注于区块链领域的科技公司，致力于提升生产力, 打造数字未来是我们的口号;区块链是我们的主要定位，将区块链技术应用于智能家居领域','天开传媒团队','31','56','3','11:00:00','18:00:00','107','027-88799943','新疆维吾尔自治区淮安市沈北新高街u座 613305','2785万'),(17021290,881321,'2017-08-16 12:18:02','已注册','超艺传媒团队是一家专注于虚拟现实领域的科技公司，致力于提升生产力, 智能改变生活是我们的口号;虚拟现实是我们的主要定位，致力于为用户提供最好的虚拟现实服务','超艺传媒团队','28','50','1','08:00:00','16:00:00','44','023-51699669','山东省建平县高港荆门街B座 706113','115万'),(17345515,460788,'2018-08-12 22:22:42','已注册','商软冠联信息团队是一家专注于虚拟现实领域的科技公司，致力于推动行业发展, 连接万物是我们的口号;虚拟现实是我们的主要定位，打造智能虚拟现实应用的领先品牌','商软冠联信息团队','28','82','2','10:00:00','22:00:00','127','0898-01487084','贵州省哈尔滨县吉区罗街d座 244403','9908万'),(17669800,785793,'2022-12-26 11:33:19','已注册','毕博诚信息团队是一家专注于机器学习领域的科技公司，致力于推动行业发展, 连接万物是我们的口号;机器学习是我们的主要定位，致力于为用户提供最好的机器学习服务','毕博诚信息团队','42','140','0','08:00:00','17:00:00','36','0731-98566970','海南省海口市吉区张街o座 173596','1227万'),(18724487,828773,'2022-12-07 16:37:59','已注册','国讯信息团队是一家专注于智能家居领域的科技公司，致力于提升生产力, 打造数字未来是我们的口号;智能家居是我们的主要定位，为企业提供智能家居解决方案的专业团队','国讯信息团队','12','79','4','07:00:00','19:00:00','14','025-43355108','广西壮族自治区帅县和平哈尔滨路S座 552019','1262万'),(19284770,309322,'2019-04-04 12:36:53','已注册','网新恒天信息团队是一家专注于人工智能领域的科技公司，致力于提升生产力, 连接万物是我们的口号;人工智能是我们的主要定位，专注于人工智能领域的创新研发','网新恒天信息团队','30','61','1','10:00:00','22:00:00','47','020-96724020','重庆市西安县海港周路k座 539603','9397万'),(20869626,155019,'2015-11-18 20:09:09','已注册','中建创业科技团队是一家专注于区块链领域的科技公司，致力于推动行业发展, 数据驱动商业是我们的口号;区块链是我们的主要定位，致力于为用户提供最好的区块链服务','中建创业科技团队','44','37','3','11:00:00','16:00:00','71','0756-19544735','安徽省沈阳市淄川马路E座 420454','8872万'),(23962941,817309,'2021-09-06 20:29:42','已注册','凌云传媒团队是一家专注于人工智能领域的科技公司，致力于改善人类生活, 让世界更智能是我们的口号;人工智能是我们的主要定位，致力于为用户提供最好的人工智能服务','凌云传媒团队','35','130','1','06:00:00','16:00:00','65','028-75158806','河北省辛集市花溪哈尔滨街E座 109052','8718万'),(24067659,643429,'2018-02-09 14:11:57','已注册','天益信息团队是一家专注于增强现实领域的科技公司，致力于提升生产力, 打造数字未来是我们的口号;增强现实是我们的主要定位，为用户提供领先的增强现实技术解决方案','天益信息团队','23','34','0','08:00:00','17:00:00','47','028-15034559','黑龙江省强市萧山毛路z座 488272','6864万'),(24103575,568232,'2018-08-14 06:17:58','已注册','方正科技科技团队是一家专注于增强现实领域的科技公司，致力于提升生产力, 让世界更智能是我们的口号;增强现实是我们的主要定位，为企业提供增强现实解决方案的专业团队','方正科技科技团队','44','140','3','08:00:00','19:00:00','89','029-79831308','香港特别行政区沈阳市新城呼和浩特街N座 978377','3868万'),(25627205,397153,'2021-10-27 04:14:51','已注册','恒聪百汇传媒团队是一家专注于增强现实领域的科技公司，致力于推动行业发展, 智能改变生活是我们的口号;增强现实是我们的主要定位，致力于推动增强现实技术的商业化运用','恒聪百汇传媒团队','40','63','4','06:00:00','18:00:00','30','0791-71271774','澳门特别行政区海门市静安王路o座 257634','9618万'),(26093239,964565,'2016-05-22 01:44:29','已注册','易动力传媒团队是一家专注于云计算领域的科技公司，致力于提升生产力, 智能改变生活是我们的口号;云计算是我们的主要定位，打造智能云计算应用的领先品牌','易动力传媒团队','14','44','4','08:00:00','17:00:00','62','0731-44180891','四川省莹县安次香港街S座 822720','9986万'),(26565228,268555,'2021-09-15 13:22:32','已注册','良诺科技团队是一家专注于区块链领域的科技公司，致力于推动行业发展, 数据驱动商业是我们的口号;区块链是我们的主要定位，致力于推动区块链技术的商业化运用','良诺科技团队','20','90','4','06:00:00','18:00:00','74','0898-93068047','陕西省哈尔滨市沈河海门街A座 496889','4236万'),(30599433,475301,'2021-05-30 13:35:03','已注册','图龙信息传媒团队是一家专注于虚拟现实领域的科技公司，致力于改善人类生活, 让世界更智能是我们的口号;虚拟现实是我们的主要定位，打造智能虚拟现实应用的领先品牌','图龙信息传媒团队','23','35','2','07:00:00','16:00:00','80','028-26157143','江苏省荣县怀柔兰州路d座 841631','4006万'),(33882839,359049,'2018-06-15 08:28:32','已注册','易动力网络团队是一家专注于增强现实领域的科技公司，致力于改善人类生活, 让世界更智能是我们的口号;增强现实是我们的主要定位，打造智能增强现实应用的领先品牌','易动力网络团队','37','81','4','11:00:00','20:00:00','62','0772-66313862','宁夏回族自治区桂花县双滦刘街Y座 950924','3721万'),(34204851,159810,'2017-03-15 11:09:26','已注册','浦华众城网络团队是一家专注于物联网领域的科技公司，致力于推动行业发展, 智能改变生活是我们的口号;物联网是我们的主要定位，致力于为用户提供最好的物联网服务','浦华众城网络团队','46','127','3','07:00:00','17:00:00','21','0772-48843909','山西省东市浔阳薛路O座 346944','3730万'),(35591222,321839,'2022-11-14 08:31:17','已注册','中建创业信息团队是一家专注于增强现实领域的科技公司，致力于推动行业发展, 智能改变生活是我们的口号;增强现实是我们的主要定位，引领增强现实技术的发展方向','中建创业信息团队','38','67','4','10:00:00','19:00:00','92','023-27281893','湖南省澳门市沙市樊街S座 419630','2419万'),(35919315,904769,'2023-01-17 06:36:12','已注册','飞利信网络团队是一家专注于大数据领域的科技公司，致力于改善人类生活, 智能改变生活是我们的口号;大数据是我们的主要定位，致力于为用户提供最好的大数据服务','飞利信网络团队','46','49','4','09:00:00','22:00:00','97','010-60120446','甘肃省超市兴山袁路r座 520008','9779万'),(41308985,431831,'2020-03-30 15:39:18','已注册','雨林木风计算机网络团队是一家专注于智能家居领域的科技公司，致力于改善人类生活, 连接万物是我们的口号;智能家居是我们的主要定位，致力于为用户提供最好的智能家居服务','雨林木风计算机网络团队','31','51','2','06:00:00','22:00:00','33','0731-64988047','宁夏回族自治区凤英市花溪叶街R座 747663','7845万'),(41618422,471904,'2020-11-06 15:06:53','已注册','诺依曼软件科技团队是一家专注于增强现实领域的科技公司，致力于提升生产力, 让世界更智能是我们的口号;增强现实是我们的主要定位，致力于为用户提供最好的增强现实服务','诺依曼软件科技团队','22','60','3','09:00:00','16:00:00','86','0734-50582132','吉林省巢湖县东城上海街l座 641344','4528万'),(41770715,459985,'2016-11-17 23:54:14','已注册','超艺网络团队是一家专注于区块链领域的科技公司，致力于改善人类生活, 让世界更智能是我们的口号;区块链是我们的主要定位，致力于为用户提供最好的区块链服务','超艺网络团队','48','38','0','08:00:00','16:00:00','45','0898-40893854','广东省志强市合川兰州路E座 843698','9374万'),(42462414,480758,'2021-10-15 06:24:54','已注册','鸿睿思博网络团队是一家专注于云计算领域的科技公司，致力于改善人类生活, 打造数字未来是我们的口号;云计算是我们的主要定位，引领云计算技术的发展方向','鸿睿思博网络团队','19','40','4','09:00:00','16:00:00','53','0755-12847461','江苏省上海市平山徐街M座 153157','7814万'),(43601183,152603,'2016-04-24 03:15:05','已注册','数字100网络团队是一家专注于物联网领域的科技公司，致力于改善人类生活, 智能改变生活是我们的口号;物联网是我们的主要定位，将物联网技术应用于虚拟现实领域','数字100网络团队','43','120','0','06:00:00','17:00:00','38','021-11261946','河北省明市淄川台北街o座 613945','8969万'),(45744874,859425,'2016-10-30 10:43:06','已注册','维涛信息团队是一家专注于云计算领域的科技公司，致力于提升生产力, 智能改变生活是我们的口号;云计算是我们的主要定位，打造智能云计算应用的领先品牌','维涛信息团队','31','45','0','07:00:00','16:00:00','80','029-02393183','辽宁省贵阳市城东李街l座 129831','2847万'),(46221696,305951,'2021-03-03 21:42:54','已注册','图龙信息网络团队是一家专注于人工智能领域的科技公司，致力于提升生产力, 打造数字未来是我们的口号;人工智能是我们的主要定位，致力于推动人工智能技术的商业化运用','图龙信息网络团队','30','30','3','07:00:00','21:00:00','40','021-61270022','安徽省巢湖县安次阎街B座 716567','4004万'),(49868548,894217,'2018-08-14 04:21:42','已注册','维涛传媒团队是一家专注于云计算领域的科技公司，致力于推动行业发展, 智能改变生活是我们的口号;云计算是我们的主要定位，专注于云计算领域的创新研发','维涛传媒团队','39','112','4','10:00:00','18:00:00','107','0734-88750640','江西省齐齐哈尔县华龙李街I座 833168','6332万'),(49989225,120568,'2016-01-25 07:05:21','已注册','泰麒麟信息团队是一家专注于人工智能领域的科技公司，致力于改善人类生活, 智能改变生活是我们的口号;人工智能是我们的主要定位，为用户提供领先的人工智能技术解决方案','泰麒麟信息团队','32','43','4','11:00:00','19:00:00','68','0731-22770865','山西省东市萧山嘉禾路F座 539099','7490万'),(50773780,291519,'2018-08-12 21:52:49','已注册','新格林耐特传媒团队是一家专注于云计算领域的科技公司，致力于改善人类生活, 打造数字未来是我们的口号;云计算是我们的主要定位，将云计算技术应用于智能家居领域','新格林耐特传媒团队','20','60','2','10:00:00','23:00:00','122','0731-76690604','辽宁省彬市门头沟乌鲁木齐路S座 642657','6904万'),(52138690,137145,'2020-11-11 02:36:33','已注册','立信电子信息团队是一家专注于大数据领域的科技公司，致力于提升生产力, 打造数字未来是我们的口号;大数据是我们的主要定位，为用户提供领先的大数据技术解决方案','立信电子信息团队','47','95','3','11:00:00','18:00:00','93','024-76729452','贵州省西宁市和平南昌街q座 622772','9261万'),(53710601,340215,'2016-06-13 15:28:10','已注册','同兴万点传媒团队是一家专注于虚拟现实领域的科技公司，致力于改善人类生活, 打造数字未来是我们的口号;虚拟现实是我们的主要定位，为用户提供领先的虚拟现实技术解决方案','同兴万点传媒团队','28','110','1','10:00:00','23:00:00','5','0756-94020526','内蒙古自治区建平市城北廖街l座 353141','3787万'),(55841598,513914,'2016-12-16 10:23:59','已注册','时空盒数字科技团队是一家专注于增强现实领域的科技公司，致力于改善人类生活, 智能改变生活是我们的口号;增强现实是我们的主要定位，打造智能增强现实应用的领先品牌','时空盒数字科技团队','16','86','0','06:00:00','21:00:00','13','028-39179092','重庆市乌鲁木齐县涪城张家港街x座 665302','9019万'),(58548536,233888,'2018-04-25 21:45:45','已注册','MBP软件传媒团队是一家专注于人工智能领域的科技公司，致力于改善人类生活, 让世界更智能是我们的口号;人工智能是我们的主要定位，为用户提供领先的人工智能技术解决方案','MBP软件传媒团队','11','78','3','11:00:00','19:00:00','45','022-24422196','浙江省旭县沈北新南京路X座 220453','7436万'),(68553347,768102,'2018-01-06 14:08:03','已注册','鸿睿思博信息团队是一家专注于虚拟现实领域的科技公司，致力于改善人类生活, 让世界更智能是我们的口号;虚拟现实是我们的主要定位，将虚拟现实技术应用于虚拟现实领域','鸿睿思博信息团队','36','43','4','07:00:00','17:00:00','3','028-77961858','陕西省嘉禾县牧野韩路T座 981343','4125万'),(69380941,994631,'2023-02-27 22:13:42','已注册','信诚致远科技团队是一家专注于大数据领域的科技公司，致力于改善人类生活, 打造数字未来是我们的口号;大数据是我们的主要定位，致力于为用户提供最好的大数据服务','信诚致远科技团队','25','53','2','08:00:00','16:00:00','117','028-77337392','四川省东莞县梁平郑路L座 837441','4666万'),(71505351,784845,'2020-04-14 18:29:52','已注册','维涛网络团队是一家专注于大数据领域的科技公司，致力于提升生产力, 数据驱动商业是我们的口号;大数据是我们的主要定位，打造智能大数据应用的领先品牌','维涛网络团队','20','85','4','09:00:00','20:00:00','113','0731-27387642','山西省阳县朝阳谢路s座 436800','4046万'),(75855547,360410,'2020-03-14 18:01:05','已注册','联通时科网络团队是一家专注于人工智能领域的科技公司，致力于推动行业发展, 让世界更智能是我们的口号;人工智能是我们的主要定位，专注于人工智能领域的创新研发','联通时科网络团队','15','91','0','08:00:00','19:00:00','77','028-70211850','山东省辉县金平潮州街H座 493091','3262万'),(81371915,743038,'2019-06-18 05:28:11','已注册','信诚致远科技团队是一家专注于区块链领域的科技公司，致力于改善人类生活, 让世界更智能是我们的口号;区块链是我们的主要定位，将区块链技术应用于智能家居领域','信诚致远科技团队','11','147','3','07:00:00','23:00:00','27','0898-91992846','台湾省南昌市翔安谢街P座 251426','6687万'),(81487412,330969,'2016-07-30 09:51:51','已注册','雨林木风计算机信息团队是一家专注于物联网领域的科技公司，致力于推动行业发展, 让世界更智能是我们的口号;物联网是我们的主要定位，将物联网技术应用于虚拟现实领域','雨林木风计算机信息团队','10','116','2','10:00:00','21:00:00','98','021-82022671','河南省玉梅市沈北新蒋街r座 218468','4062万'),(83376209,242610,'2021-01-23 11:06:21','已注册','同兴万点信息团队是一家专注于区块链领域的科技公司，致力于推动行业发展, 数据驱动商业是我们的口号;区块链是我们的主要定位，为企业提供区块链解决方案的专业团队','同兴万点信息团队','26','47','3','10:00:00','16:00:00','109','022-93697408','湖南省建华县海陵巢湖街K座 308464','8038万'),(84778731,772756,'2018-12-23 14:11:02','已注册','新格林耐特科技团队是一家专注于人工智能领域的科技公司，致力于改善人类生活, 智能改变生活是我们的口号;人工智能是我们的主要定位，为企业提供人工智能解决方案的专业团队','新格林耐特科技团队','48','33','2','11:00:00','22:00:00','8','027-87579470','四川省丹县普陀刘街H座 121402','1938万'),(91781452,929117,'2016-09-23 21:28:37','已注册','七喜信息团队是一家专注于区块链领域的科技公司，致力于推动行业发展, 让世界更智能是我们的口号;区块链是我们的主要定位，致力于为用户提供最好的区块链服务','七喜信息团队','16','93','2','09:00:00','20:00:00','91','0731-39722217','澳门特别行政区阜新县安次刘街Q座 353387','1779万'),(95188619,592851,'2017-06-08 14:17:54','已注册','四通网络团队是一家专注于物联网领域的科技公司，致力于改善人类生活, 连接万物是我们的口号;物联网是我们的主要定位，致力于推动物联网技术的商业化运用','四通网络团队','16','69','1','08:00:00','19:00:00','96','021-73515519','湖北省楠市门头沟澳门街x座 931973','9702万'),(96278864,242194,'2022-12-26 20:15:10','已注册','鑫博腾飞传媒团队是一家专注于物联网领域的科技公司，致力于改善人类生活, 让世界更智能是我们的口号;物联网是我们的主要定位，引领物联网技术的发展方向','鑫博腾飞传媒团队','21','113','1','07:00:00','16:00:00','67','028-60304304','安徽省玉英市永川鄢街c座 787824','5446万'),(97449298,724015,'2022-06-27 14:06:16','已注册','戴硕电子传媒团队是一家专注于机器学习领域的科技公司，致力于改善人类生活, 打造数字未来是我们的口号;机器学习是我们的主要定位，将机器学习技术应用于虚拟现实领域','戴硕电子传媒团队','12','84','0','11:00:00','19:00:00','112','0772-78704164','黑龙江省秀荣县友好朱街g座 351772','7235万'),(98940813,674529,'2021-10-29 12:42:58','已注册','华远软件信息团队是一家专注于区块链领域的科技公司，致力于提升生产力, 打造数字未来是我们的口号;区块链是我们的主要定位，致力于为用户提供最好的区块链服务','华远软件信息团队','34','123','1','09:00:00','20:00:00','18','0799-77394013','山西省关岭县东城邯郸街t座 117577','3508万');
/*!40000 ALTER TABLE `departments` ENABLE KEYS */;
UNLOCK TABLES;

--
-- Table structure for table `leaves`
--

DROP TABLE IF EXISTS `leaves`;
/*!40101 SET @saved_cs_client     = @@character_set_client */;
/*!50503 SET character_set_client = utf8mb4 */;
CREATE TABLE `leaves` (
  `id` int NOT NULL AUTO_INCREMENT,
  `uid` int DEFAULT NULL,
  `HRuid` int DEFAULT NULL,
  `start_time` date DEFAULT NULL,
  `end_time` date DEFAULT NULL,
  `description` varchar(45) DEFAULT NULL,
  `create_time` datetime DEFAULT NULL,
  `process_time` datetime DEFAULT NULL,
  `state` varchar(45) DEFAULT NULL,
  PRIMARY KEY (`id`)
) ENGINE=InnoDB AUTO_INCREMENT=2 DEFAULT CHARSET=utf8mb4 COLLATE=utf8mb4_0900_ai_ci;
/*!40101 SET character_set_client = @saved_cs_client */;

--
-- Dumping data for table `leaves`
--

LOCK TABLES `leaves` WRITE;
/*!40000 ALTER TABLE `leaves` DISABLE KEYS */;
INSERT INTO `leaves` VALUES (1,1,NULL,'2023-03-10','2023-03-14',NULL,'2023-03-16 17:06:20',NULL,'未审批');
/*!40000 ALTER TABLE `leaves` ENABLE KEYS */;
UNLOCK TABLES;

--
-- Table structure for table `todos`
--

DROP TABLE IF EXISTS `todos`;
/*!40101 SET @saved_cs_client     = @@character_set_client */;
/*!50503 SET character_set_client = utf8mb4 */;
CREATE TABLE `todos` (
  `id` int NOT NULL AUTO_INCREMENT,
  `uid` int DEFAULT NULL,
  `content` varchar(445) DEFAULT NULL,
  `state` varchar(45) DEFAULT NULL,
  `createTime` date DEFAULT NULL,
  PRIMARY KEY (`id`)
) ENGINE=InnoDB AUTO_INCREMENT=7 DEFAULT CHARSET=utf8mb4 COLLATE=utf8mb4_0900_ai_ci;
/*!40101 SET character_set_client = @saved_cs_client */;

--
-- Dumping data for table `todos`
--

LOCK TABLES `todos` WRITE;
/*!40000 ALTER TABLE `todos` DISABLE KEYS */;
INSERT INTO `todos` VALUES (1,1,'改50个bug','0','2023-03-28'),(4,9,'今天完成代办事项','1','2023-03-28'),(5,9,'今天完成代办事项 并完成测试 ','0','2023-03-28'),(6,9,'完成测试','0','2023-03-28');
/*!40000 ALTER TABLE `todos` ENABLE KEYS */;
UNLOCK TABLES;

--
-- Table structure for table `user_clocks`
--

DROP TABLE IF EXISTS `user_clocks`;
/*!40101 SET @saved_cs_client     = @@character_set_client */;
/*!50503 SET character_set_client = utf8mb4 */;
CREATE TABLE `user_clocks` (
  `id` int NOT NULL AUTO_INCREMENT,
  `uid` int DEFAULT NULL,
  `clockTime` datetime DEFAULT NULL,
  `note` varchar(45) DEFAULT NULL,
  PRIMARY KEY (`id`)
) ENGINE=InnoDB AUTO_INCREMENT=412 DEFAULT CHARSET=utf8mb4 COLLATE=utf8mb4_0900_ai_ci;
/*!40101 SET character_set_client = @saved_cs_client */;

--
-- Dumping data for table `user_clocks`
--

LOCK TABLES `user_clocks` WRITE;
/*!40000 ALTER TABLE `user_clocks` DISABLE KEYS */;
INSERT INTO `user_clocks` VALUES (6,1,'2023-03-13 20:22:40','签到'),(8,1,'2023-03-13 21:15:20','签退'),(9,1,'2023-03-14 15:12:16','签到'),(10,1,'2023-03-15 10:40:54','签到'),(12,1,'2023-03-20 15:38:50','签到'),(14,10,'2023-03-20 17:42:04','签到'),(16,1,'2023-03-21 11:44:48','签到'),(19,1,'2023-03-22 09:15:04','签到'),(21,1,'2023-03-23 17:56:03','签到'),(22,772472,'2023-01-01 09:03:34','签到'),(23,772472,'2023-01-01 19:30:39','签退'),(24,772472,'2023-01-02 10:49:12','签到'),(25,772472,'2023-01-02 23:31:20','签退'),(26,772472,'2023-01-03 16:12:39','签退'),(27,772472,'2023-01-04 08:43:12','签到'),(28,772472,'2023-01-04 20:51:38','签退'),(29,772472,'2023-01-05 22:31:10','签退'),(30,772472,'2023-01-06 07:59:13','签到'),(31,772472,'2023-01-06 18:52:56','签退'),(32,772472,'2023-01-07 10:05:03','签到'),(33,772472,'2023-01-07 22:56:07','签退'),(34,772472,'2023-01-08 09:35:02','签到'),(35,772472,'2023-01-08 15:07:48','签退'),(36,772472,'2023-01-09 09:16:08','签到'),(37,772472,'2023-01-09 17:47:39','签退'),(38,772472,'2023-01-10 10:56:07','签到'),(39,772472,'2023-01-10 21:40:15','签退'),(40,772472,'2023-01-11 10:30:15','签到'),(41,772472,'2023-01-11 19:17:36','签退'),(42,772472,'2023-01-12 08:41:30','签到'),(43,772472,'2023-01-12 16:13:31','签退'),(44,772472,'2023-01-13 16:46:35','签退'),(45,772472,'2023-01-14 09:20:19','签到'),(46,772472,'2023-01-14 17:12:55','签退'),(47,772472,'2023-01-15 10:02:43','签到'),(48,772472,'2023-01-15 17:01:41','签退'),(49,772472,'2023-01-16 08:16:35','签到'),(50,772472,'2023-01-16 15:41:44','签退'),(51,772472,'2023-01-17 07:12:49','签到'),(52,772472,'2023-01-17 15:02:26','签退'),(53,772472,'2023-01-18 15:56:20','签退'),(54,772472,'2023-01-19 07:27:17','签到'),(55,772472,'2023-01-19 16:17:31','签退'),(56,772472,'2023-01-20 08:01:09','签到'),(57,772472,'2023-01-20 23:31:51','签退'),(58,772472,'2023-01-21 07:24:36','签到'),(59,772472,'2023-01-21 19:04:19','签退'),(60,772472,'2023-01-22 10:39:41','签到'),(61,772472,'2023-01-22 15:56:44','签退'),(62,772472,'2023-01-23 09:30:38','签到'),(63,772472,'2023-01-23 17:34:57','签退'),(64,772472,'2023-01-24 09:46:03','签到'),(65,772472,'2023-01-24 22:15:45','签退'),(66,772472,'2023-01-25 09:35:55','签到'),(67,772472,'2023-01-25 22:39:03','签退'),(68,772472,'2023-01-26 15:07:14','签退'),(69,772472,'2023-01-27 09:15:40','签到'),(70,772472,'2023-01-27 17:57:21','签退'),(71,772472,'2023-01-28 07:17:29','签到'),(72,772472,'2023-01-28 16:56:55','签退'),(73,772472,'2023-01-29 09:33:09','签到'),(74,772472,'2023-01-29 20:22:06','签退'),(75,772472,'2023-01-30 07:31:16','签到'),(76,772472,'2023-01-30 21:21:11','签退'),(77,772472,'2023-01-31 15:35:04','签退'),(78,772472,'2023-02-01 08:40:02','签到'),(79,772472,'2023-02-02 08:47:49','签到'),(80,772472,'2023-02-02 21:20:17','签退'),(81,772472,'2023-02-03 19:51:19','签退'),(82,772472,'2023-02-04 10:55:37','签到'),(83,772472,'2023-02-04 23:42:56','签退'),(84,772472,'2023-02-05 09:53:54','签到'),(85,772472,'2023-02-05 19:03:31','签退'),(86,772472,'2023-02-06 20:46:03','签退'),(87,772472,'2023-02-07 07:45:35','签到'),(88,772472,'2023-02-07 23:38:02','签退'),(89,772472,'2023-02-08 10:20:50','签到'),(90,772472,'2023-02-08 15:54:45','签退'),(91,772472,'2023-02-09 10:00:54','签到'),(92,772472,'2023-02-09 17:07:57','签退'),(93,772472,'2023-02-10 09:35:06','签到'),(94,772472,'2023-02-10 21:02:24','签退'),(95,772472,'2023-02-11 08:41:24','签到'),(96,772472,'2023-02-11 20:30:47','签退'),(97,772472,'2023-02-12 07:11:53','签到'),(98,772472,'2023-02-12 18:35:26','签退'),(99,772472,'2023-02-13 08:31:18','签到'),(100,772472,'2023-02-13 22:04:10','签退'),(101,772472,'2023-02-14 09:46:28','签到'),(102,772472,'2023-02-14 21:18:27','签退'),(103,772472,'2023-02-15 08:37:52','签到'),(104,772472,'2023-02-15 15:26:13','签退'),(105,772472,'2023-02-16 10:44:03','签到'),(106,772472,'2023-02-16 20:53:29','签退'),(107,772472,'2023-02-17 09:57:27','签到'),(108,772472,'2023-02-17 23:55:29','签退'),(109,772472,'2023-02-18 07:17:19','签到'),(110,772472,'2023-02-18 20:46:19','签退'),(111,772472,'2023-02-19 08:27:10','签到'),(112,772472,'2023-02-19 22:56:33','签退'),(113,772472,'2023-02-20 09:28:04','签到'),(114,772472,'2023-02-20 20:37:50','签退'),(115,772472,'2023-02-21 08:27:54','签到'),(116,772472,'2023-02-21 17:04:26','签退'),(117,772472,'2023-02-22 10:30:23','签到'),(118,772472,'2023-02-22 18:23:36','签退'),(119,772472,'2023-02-23 09:04:05','签到'),(120,772472,'2023-02-23 18:40:20','签退'),(121,772472,'2023-02-24 09:57:56','签到'),(122,772472,'2023-02-24 23:32:03','签退'),(123,772472,'2023-02-25 07:11:15','签到'),(124,772472,'2023-02-25 23:05:35','签退'),(125,772472,'2023-02-26 19:07:29','签退'),(126,772472,'2023-02-27 15:41:26','签退'),(127,772472,'2023-02-28 08:42:37','签到'),(128,772472,'2023-02-28 16:52:09','签退'),(129,772472,'2023-03-01 09:04:48','签到'),(130,772472,'2023-03-01 17:43:55','签退'),(131,772472,'2023-03-02 10:19:07','签到'),(132,772472,'2023-03-02 19:35:59','签退'),(133,772472,'2023-03-03 07:07:38','签到'),(134,772472,'2023-03-03 22:17:30','签退'),(135,772472,'2023-03-04 09:07:42','签到'),(136,772472,'2023-03-04 21:45:28','签退'),(137,772472,'2023-03-05 09:32:30','签到'),(138,772472,'2023-03-05 17:24:34','签退'),(139,772472,'2023-03-06 08:53:53','签到'),(140,772472,'2023-03-06 17:06:51','签退'),(141,772472,'2023-03-07 07:15:54','签到'),(142,772472,'2023-03-07 19:57:56','签退'),(143,772472,'2023-03-08 08:36:47','签到'),(144,772472,'2023-03-08 22:45:31','签退'),(145,772472,'2023-03-09 07:09:25','签到'),(146,772472,'2023-03-09 18:48:20','签退'),(147,772472,'2023-03-10 08:37:28','签到'),(148,772472,'2023-03-10 18:26:55','签退'),(149,772472,'2023-03-11 09:42:13','签到'),(150,772472,'2023-03-11 20:19:47','签退'),(151,772472,'2023-03-12 09:39:44','签到'),(152,772472,'2023-03-12 19:45:53','签退'),(153,772472,'2023-03-13 08:52:50','签到'),(154,772472,'2023-03-13 16:44:08','签退'),(155,772472,'2023-03-14 07:53:29','签到'),(156,772472,'2023-03-14 16:52:45','签退'),(157,772472,'2023-03-15 08:00:08','签到'),(158,772472,'2023-03-15 20:41:45','签退'),(159,772472,'2023-03-16 10:38:01','签到'),(160,772472,'2023-03-16 20:55:00','签退'),(161,772472,'2023-03-17 10:22:54','签到'),(162,772472,'2023-03-17 16:19:35','签退'),(163,772472,'2023-03-18 15:19:30','签退'),(164,772472,'2023-03-19 09:27:21','签到'),(165,772472,'2023-03-19 22:48:13','签退'),(166,772472,'2023-03-20 10:10:53','签到'),(167,772472,'2023-03-20 18:06:21','签退'),(168,772472,'2023-03-21 23:57:51','签退'),(169,772472,'2023-03-22 08:02:36','签到'),(170,772472,'2023-03-22 18:07:21','签退'),(171,772472,'2023-03-23 09:31:24','签到'),(172,772472,'2023-03-23 18:32:26','签退'),(173,772472,'2023-03-24 08:20:52','签到'),(174,772472,'2023-03-24 17:33:38','签退'),(175,772472,'2023-03-25 07:25:13','签到'),(176,772472,'2023-03-25 22:56:31','签退'),(177,772472,'2023-03-26 10:15:34','签到'),(178,772472,'2023-03-26 15:18:33','签退'),(179,1,'2023-03-27 12:39:11','签到'),(187,10,'2023-03-27 16:16:54','签到'),(188,10,'2023-03-27 16:17:35','签退'),(190,10,'2023-03-25 10:00:00','签到'),(191,140702,'2023-03-28 09:56:26','签到'),(192,10,'2023-03-08 23:00:00','签退'),(193,494490,'2023-03-28 11:32:46','签到'),(195,494490,'2023-03-28 14:44:52','签退'),(196,9,'2023-03-28 15:16:56','签退'),(197,1,'2023-03-28 15:19:23','签退'),(200,494490,'2023-03-03 17:30:00','签退'),(201,494490,'2023-03-04 09:00:00','签到'),(202,494490,'2023-03-01 09:00:00','签到'),(203,494490,'2023-03-11 09:00:00','签到'),(204,494490,'2023-03-09 09:00:00','签到'),(205,494490,'2023-03-07 09:00:00','签到'),(206,494490,'2023-03-06 09:00:00','签到'),(207,494490,'2023-03-05 09:00:00','签到'),(208,494490,'2023-03-04 17:30:00','签退'),(209,494490,'2023-03-01 17:30:00','签退'),(210,494490,'2023-03-08 17:30:00','签退'),(211,494490,'2023-03-06 17:30:00','签退'),(212,494490,'2023-03-18 09:00:00','签到'),(213,494490,'2023-03-17 09:00:00','签到'),(214,494490,'2023-03-16 09:00:00','签到'),(215,494490,'2023-03-03 09:00:00','签到'),(216,494490,'2023-03-07 17:30:00','签退'),(217,494490,'2023-03-17 17:30:00','签退'),(218,494490,'2023-03-10 09:00:00','签到'),(219,494490,'2023-03-05 17:30:00','签退'),(220,494490,'2023-03-16 17:30:00','签退'),(221,494490,'2023-03-15 09:00:00','签到'),(222,494490,'2023-03-15 17:30:00','签退'),(223,494490,'2023-03-14 09:00:00','签到'),(224,494490,'2023-03-14 17:30:00','签退'),(225,494490,'2023-03-13 09:00:00','签到'),(226,494490,'2023-03-13 17:30:00','签退'),(227,494490,'2023-03-12 09:00:00','签到'),(228,494490,'2023-03-12 17:30:00','签退'),(229,494490,'2023-03-19 17:30:00','签退'),(230,494490,'2023-03-19 09:00:00','签到'),(231,494490,'2023-03-21 17:30:00','签退'),(232,494490,'2023-03-20 17:30:00','签退'),(233,494490,'2023-03-22 17:30:00','签退'),(234,494490,'2023-03-21 09:00:00','签到'),(235,494490,'2023-03-23 17:30:00','签退'),(236,494490,'2023-03-22 09:00:00','签到'),(237,494490,'2023-03-24 17:30:00','签退'),(238,494490,'2023-03-23 09:00:00','签到'),(239,494490,'2023-03-24 09:00:00','签到'),(240,494490,'2023-03-25 09:00:00','签到'),(241,494490,'2023-03-18 17:30:00','签退'),(242,10,'2023-03-28 15:58:47','签退'),(243,494490,'2023-03-25 17:30:00','签退'),(244,494490,'2023-03-02 17:30:00','签退'),(245,494490,'2023-03-09 17:30:00','签退'),(246,494490,'2023-03-02 09:00:00','签到'),(247,10,'2023-03-28 16:22:01','签到'),(248,9,'2023-03-28 17:01:54','签到'),(249,1,'2023-03-28 17:31:43','签到'),(250,944617,'2023-01-01 09:55:11','签到'),(251,944617,'2023-01-02 07:08:21','签到'),(252,944617,'2023-01-02 22:33:06','签退'),(253,944617,'2023-01-03 08:00:47','签到'),(254,944617,'2023-01-03 20:12:53','签退'),(255,944617,'2023-01-04 09:18:42','签到'),(256,944617,'2023-01-04 23:05:58','签退'),(257,944617,'2023-01-05 08:08:56','签到'),(258,944617,'2023-01-05 20:14:09','签退'),(259,944617,'2023-01-06 16:30:39','签退'),(260,944617,'2023-01-07 07:05:05','签到'),(261,944617,'2023-01-07 18:23:43','签退'),(262,944617,'2023-01-08 10:23:44','签到'),(263,944617,'2023-01-08 18:42:45','签退'),(264,944617,'2023-01-09 09:31:27','签到'),(265,944617,'2023-01-09 22:45:54','签退'),(266,944617,'2023-01-10 07:52:42','签到'),(267,944617,'2023-01-10 20:17:36','签退'),(268,944617,'2023-01-11 09:25:06','签到'),(269,944617,'2023-01-11 21:30:16','签退'),(270,944617,'2023-01-12 23:09:46','签退'),(271,944617,'2023-01-13 08:19:28','签到'),(272,944617,'2023-01-13 17:05:33','签退'),(273,944617,'2023-01-14 10:12:19','签到'),(274,944617,'2023-01-14 15:02:59','签退'),(275,944617,'2023-01-15 08:13:17','签到'),(276,944617,'2023-01-15 15:25:48','签退'),(277,944617,'2023-01-16 08:34:59','签到'),(278,944617,'2023-01-16 21:27:39','签退'),(279,944617,'2023-01-17 09:31:22','签到'),(280,944617,'2023-01-17 23:01:15','签退'),(281,944617,'2023-01-18 07:38:56','签到'),(282,944617,'2023-01-18 15:01:16','签退'),(283,944617,'2023-01-19 07:11:14','签到'),(284,944617,'2023-01-19 15:21:05','签退'),(285,944617,'2023-01-20 07:19:24','签到'),(286,944617,'2023-01-20 15:41:43','签退'),(287,944617,'2023-01-21 10:59:42','签到'),(288,944617,'2023-01-21 20:38:13','签退'),(289,944617,'2023-01-22 07:01:28','签到'),(290,944617,'2023-01-22 23:44:45','签退'),(291,944617,'2023-01-23 08:35:35','签到'),(292,944617,'2023-01-23 23:51:57','签退'),(293,944617,'2023-01-24 08:25:30','签到'),(294,944617,'2023-01-24 23:00:32','签退'),(295,944617,'2023-01-25 09:25:29','签到'),(296,944617,'2023-01-25 23:36:12','签退'),(297,944617,'2023-01-26 08:01:02','签到'),(298,944617,'2023-01-26 21:16:18','签退'),(299,944617,'2023-01-27 08:38:44','签到'),(300,944617,'2023-01-27 21:19:53','签退'),(301,944617,'2023-01-28 10:42:12','签到'),(302,944617,'2023-01-28 17:40:55','签退'),(303,944617,'2023-01-29 09:59:18','签到'),(304,944617,'2023-01-29 16:39:31','签退'),(305,944617,'2023-01-30 09:08:19','签到'),(306,944617,'2023-01-30 15:44:53','签退'),(307,944617,'2023-01-31 09:01:23','签到'),(308,944617,'2023-01-31 18:33:32','签退'),(309,944617,'2023-02-01 07:38:58','签到'),(310,944617,'2023-02-01 19:35:49','签退'),(311,944617,'2023-02-02 10:47:20','签到'),(312,944617,'2023-02-02 22:59:27','签退'),(313,944617,'2023-02-03 09:15:21','签到'),(314,944617,'2023-02-03 17:14:44','签退'),(315,944617,'2023-02-04 07:28:15','签到'),(316,944617,'2023-02-04 17:34:44','签退'),(317,944617,'2023-02-05 09:32:05','签到'),(318,944617,'2023-02-05 23:29:26','签退'),(319,944617,'2023-02-06 07:06:17','签到'),(320,944617,'2023-02-06 15:20:10','签退'),(321,944617,'2023-02-07 08:47:23','签到'),(322,944617,'2023-02-07 15:57:04','签退'),(323,944617,'2023-02-08 08:09:21','签到'),(324,944617,'2023-02-08 22:45:12','签退'),(325,944617,'2023-02-09 08:25:12','签到'),(326,944617,'2023-02-09 17:09:33','签退'),(327,944617,'2023-02-10 10:43:45','签到'),(328,944617,'2023-02-10 16:53:57','签退'),(329,944617,'2023-02-11 10:14:57','签到'),(330,944617,'2023-02-11 17:28:31','签退'),(331,944617,'2023-02-12 07:43:10','签到'),(332,944617,'2023-02-13 09:13:34','签到'),(333,944617,'2023-02-13 21:19:58','签退'),(334,944617,'2023-02-14 08:07:35','签到'),(335,944617,'2023-02-14 19:12:27','签退'),(336,944617,'2023-02-15 08:11:12','签到'),(337,944617,'2023-02-15 21:33:22','签退'),(338,944617,'2023-02-16 07:06:30','签到'),(339,944617,'2023-02-16 15:43:56','签退'),(340,944617,'2023-02-17 07:17:39','签到'),(341,944617,'2023-02-17 18:16:18','签退'),(342,944617,'2023-02-18 08:25:50','签到'),(343,944617,'2023-02-18 17:55:04','签退'),(344,944617,'2023-02-19 10:01:49','签到'),(345,944617,'2023-02-19 19:58:40','签退'),(346,944617,'2023-02-20 07:32:48','签到'),(347,944617,'2023-02-20 15:04:11','签退'),(348,944617,'2023-02-21 07:44:42','签到'),(349,944617,'2023-02-21 20:44:51','签退'),(350,944617,'2023-02-22 08:05:35','签到'),(351,944617,'2023-02-22 19:52:25','签退'),(352,944617,'2023-02-23 07:39:38','签到'),(353,944617,'2023-02-23 17:23:39','签退'),(354,944617,'2023-02-24 10:11:37','签到'),(355,944617,'2023-02-24 15:06:33','签退'),(356,944617,'2023-02-25 08:55:10','签到'),(357,944617,'2023-02-25 22:35:21','签退'),(358,944617,'2023-02-26 09:26:10','签到'),(359,944617,'2023-02-26 20:56:12','签退'),(360,944617,'2023-02-27 10:03:32','签到'),(361,944617,'2023-02-28 10:17:47','签到'),(362,944617,'2023-02-28 21:18:27','签退'),(363,944617,'2023-03-01 07:45:32','签到'),(364,944617,'2023-03-01 21:48:29','签退'),(365,944617,'2023-03-02 07:01:40','签到'),(366,944617,'2023-03-02 21:26:30','签退'),(367,944617,'2023-03-03 10:38:10','签到'),(368,944617,'2023-03-03 16:37:28','签退'),(369,944617,'2023-03-04 10:04:27','签到'),(370,944617,'2023-03-04 20:01:00','签退'),(371,944617,'2023-03-05 07:36:47','签到'),(372,944617,'2023-03-06 09:56:36','签到'),(373,944617,'2023-03-06 15:26:39','签退'),(374,944617,'2023-03-07 10:02:19','签到'),(375,944617,'2023-03-07 18:34:20','签退'),(376,944617,'2023-03-08 09:31:51','签到'),(377,944617,'2023-03-08 22:55:26','签退'),(378,944617,'2023-03-09 10:41:29','签到'),(379,944617,'2023-03-09 15:43:40','签退'),(380,944617,'2023-03-10 07:50:57','签到'),(381,944617,'2023-03-10 21:49:31','签退'),(382,944617,'2023-03-11 10:56:04','签到'),(383,944617,'2023-03-11 18:35:38','签退'),(384,944617,'2023-03-12 18:21:28','签退'),(385,944617,'2023-03-13 09:51:46','签到'),(386,944617,'2023-03-13 20:02:00','签退'),(387,944617,'2023-03-14 09:42:39','签到'),(388,944617,'2023-03-14 22:10:40','签退'),(389,944617,'2023-03-15 07:10:02','签到'),(390,944617,'2023-03-15 16:43:47','签退'),(391,944617,'2023-03-16 07:54:59','签到'),(392,944617,'2023-03-16 16:03:59','签退'),(393,944617,'2023-03-17 09:46:06','签到'),(394,944617,'2023-03-17 15:52:10','签退'),(395,944617,'2023-03-18 07:45:15','签到'),(396,944617,'2023-03-18 22:50:25','签退'),(397,944617,'2023-03-19 10:48:28','签到'),(398,944617,'2023-03-19 16:41:19','签退'),(399,944617,'2023-03-20 10:05:44','签到'),(400,944617,'2023-03-20 18:08:19','签退'),(401,944617,'2023-03-21 08:03:58','签到'),(402,944617,'2023-03-21 22:42:01','签退'),(403,944617,'2023-03-22 07:48:30','签到'),(404,944617,'2023-03-22 15:24:57','签退'),(405,944617,'2023-03-23 10:17:28','签到'),(406,944617,'2023-03-23 18:31:41','签退'),(407,944617,'2023-03-24 10:10:34','签到'),(408,944617,'2023-03-24 15:30:20','签退'),(409,944617,'2023-03-25 08:04:15','签到'),(410,944617,'2023-03-26 09:53:21','签到'),(411,944617,'2023-03-26 16:27:31','签退');
/*!40000 ALTER TABLE `user_clocks` ENABLE KEYS */;
UNLOCK TABLES;

--
-- Table structure for table `user_departments`
--

DROP TABLE IF EXISTS `user_departments`;
/*!40101 SET @saved_cs_client     = @@character_set_client */;
/*!50503 SET character_set_client = utf8mb4 */;
CREATE TABLE `user_departments` (
  `id` int NOT NULL AUTO_INCREMENT,
  `uid` int DEFAULT NULL,
  `departmentid` int DEFAULT NULL,
  `role` varchar(45) DEFAULT NULL,
  `indate` date DEFAULT NULL,
  `state` varchar(45) DEFAULT NULL,
  PRIMARY KEY (`id`),
  KEY `departmentid_idx` (`departmentid`),
  CONSTRAINT `departmentid` FOREIGN KEY (`departmentid`) REFERENCES `departments` (`departmentid`) ON DELETE CASCADE
) ENGINE=InnoDB AUTO_INCREMENT=307 DEFAULT CHARSET=utf8mb4 COLLATE=utf8mb4_0900_ai_ci;
/*!40101 SET character_set_client = @saved_cs_client */;

--
-- Dumping data for table `user_departments`
--

LOCK TABLES `user_departments` WRITE;
/*!40000 ALTER TABLE `user_departments` DISABLE KEYS */;
INSERT INTO `user_departments` VALUES (7,1,191406,'boss','2023-03-16','在职'),(239,502733,191406,'hr','2023-03-26','在职'),(241,10,191406,'user','2023-03-27','在职'),(242,817309,23962941,'boss','2021-09-06','在职'),(243,592851,95188619,'boss','2017-06-08','在职'),(244,152603,43601183,'boss','2016-04-24','在职'),(245,159810,34204851,'boss','2017-03-15','在职'),(246,994631,69380941,'boss','2023-02-27','在职'),(247,431831,41308985,'boss','2020-03-30','在职'),(248,724015,97449298,'boss','2022-06-27','在职'),(249,460788,17345515,'boss','2018-08-12','在职'),(250,639283,10415427,'boss','2020-10-05','在职'),(251,137145,52138690,'boss','2020-11-11','在职'),(252,330969,81487412,'boss','2016-07-30','在职'),(253,513914,55841598,'boss','2016-12-16','在职'),(254,650160,15631732,'boss','2019-06-16','在职'),(255,784845,71505351,'boss','2020-04-14','在职'),(256,772756,84778731,'boss','2018-12-23','在职'),(257,471904,41618422,'boss','2020-11-06','在职'),(258,475301,30599433,'boss','2021-05-30','在职'),(259,929117,91781452,'boss','2016-09-23','在职'),(260,242610,83376209,'boss','2021-01-23','在职'),(261,828773,18724487,'boss','2022-12-07','在职'),(262,397153,25627205,'boss','2021-10-27','在职'),(263,964565,26093239,'boss','2016-05-22','在职'),(264,904769,35919315,'boss','2023-01-17','在职'),(265,305951,46221696,'boss','2021-03-03','在职'),(266,321839,35591222,'boss','2022-11-14','在职'),(267,233888,58548536,'boss','2018-04-25','在职'),(268,624350,14867727,'boss','2016-07-16','在职'),(269,674529,98940813,'boss','2021-10-29','在职'),(270,643429,24067659,'boss','2018-02-09','在职'),(271,859425,45744874,'boss','2016-10-30','在职'),(272,1,13475815,'boss','2017-09-04','在职'),(273,309322,19284770,'boss','2019-04-04','在职'),(274,155019,20869626,'boss','2015-11-18','在职'),(275,268555,26565228,'boss','2021-09-15','在职'),(276,894217,49868548,'boss','2018-08-14','在职'),(277,768102,68553347,'boss','2018-01-06','在职'),(278,480758,42462414,'boss','2021-10-15','在职'),(279,743038,81371915,'boss','2019-06-18','在职'),(280,242194,96278864,'boss','2022-12-26','在职'),(281,359049,33882839,'boss','2018-06-15','在职'),(282,568232,24103575,'boss','2018-08-14','在职'),(283,881321,17021290,'boss','2017-08-16','在职'),(284,340215,53710601,'boss','2016-06-13','在职'),(285,714767,15599742,'boss','2020-03-13','在职'),(286,120568,49989225,'boss','2016-01-25','在职'),(287,459985,41770715,'boss','2016-11-17','在职'),(288,360410,75855547,'boss','2020-03-14','在职'),(289,746709,10238505,'boss','2020-02-04','在职'),(290,785793,17669800,'boss','2022-12-26','在职'),(291,291519,50773780,'boss','2018-08-12','在职'),(292,355239,675076,'boss','2023-03-27','在职'),(293,772472,191406,'user','2016-04-19','在职'),(294,9,191406,'user','2023-03-27','在职'),(297,140702,775324,'boss','2023-03-28','在职'),(304,494490,675076,'user','2023-03-28','在职'),(306,944617,13475815,'user','2022-05-23','在职');
/*!40000 ALTER TABLE `user_departments` ENABLE KEYS */;
UNLOCK TABLES;

--
-- Table structure for table `userfaces`
--

DROP TABLE IF EXISTS `userfaces`;
/*!40101 SET @saved_cs_client     = @@character_set_client */;
/*!50503 SET character_set_client = utf8mb4 */;
CREATE TABLE `userfaces` (
  `id` int NOT NULL,
  `username` varchar(45) DEFAULT NULL,
  `userFacePath` varchar(45) DEFAULT NULL,
  `faceEmbedding` longblob,
  `createTime` datetime DEFAULT NULL,
  `updateTime` datetime DEFAULT NULL,
  PRIMARY KEY (`id`)
) ENGINE=InnoDB DEFAULT CHARSET=utf8mb4 COLLATE=utf8mb4_0900_ai_ci;
/*!40101 SET character_set_client = @saved_cs_client */;

--
-- Dumping data for table `userfaces`
--

LOCK TABLES `userfaces` WRITE;
/*!40000 ALTER TABLE `userfaces` DISABLE KEYS */;
INSERT INTO `userfaces` VALUES (1,'lee','/images',_binary '\0\0\0͹\0\0\0\\%̿\0\0\0ֿ\0\0\0\BĿ\0\0\0\0HPҿ\0\0\0@w\0\0\0\0\0\0\0\0I?\0\0\0(\\?\0\0\0`q\Ͽ\0\0\0 \0\0\0@\˿\0\0\0@y?\0\0\0\:6\0\0\0?\0\0\0@<?\0\0\0\zԿ\0\0\0\"\0\0\0P\0\0\0 )\\0\0\0+ɿ\0\0\0\0z\?\0\0\0\ZM\?\0\0\0 ʿ\0\0\0൥\0\0\0*\0\0\0x=b\0\0\0h)\?\0\0\0̿\0\0\0@Kȇ\0\0\0*?\0\0\0`\u\?\0\0\0\?\0\0\0\0H?\0\0\0\{\?\0\0\0h\?\0\0\0@\\ӿ\0\0\0@O\0\0\0?\0\0\0\9\?\0\0\0\G?\0\0\0%\\0\0\0\0ϒ\0\0\0 9P?\0\0\0\\0\0\0\0q\?\0\0\0¿\0\0\0Ɨ?\0\0\0\04ο\0\0\0`?\0\0\0$\?\0\0\0\̿\0\0\0[ڿ\0\0\0`\\0\0\0.?\0\0\0?\0\0\0@Hj\?\0\0\0 F?\0\0\0`?\0\0\0@\dǿ\0\0\0\ɿ\0\0\0:(?\0\0\02\0\0\0\ڿ\0\0\0n\0\0\0\0>_ֿ\0\0\0 P\0\0\0\?\0\0\0@?\?\0\0\0@ʚ?\0\0\0`fԢ\0\0\0\0TĿ\0\0\0U~\?\0\0\0`k\0\0\0\\\ѿ\0\0\0Ŀ\0\0\0\?\0\0\0\h\?\0\0\0\00̿\0\0\0)?\0\0\0\\ÿ\0\0\0@M?\0\0\0\?\0\0\0\L\?\0\0\0\^?\0\0\0\n?\0\0\0\s?\0\0\0\0\\?\0\0\0\0iͿ\0\0\0	\0\0\0a˿\0\0\0\0B̿\0\0\0 \?\0\0\0`̿\0\0\0\!eҿ\0\0\0@ÿ\0\0\0@U.\?\0\0\0\0?\0\0\0`Zܿ\0\0\0\0*\?\0\0\0ǳ\0\0\0\L̫?\0\0\0 p?\0\0\0\0M6?\0\0\04ÿ\0\0\0\\P\?\0\0\0\0\?\0\0\0$\?\0\0\0T\?\0\0\0 G|\?\0\0\0@8?\0\0\0]\?\0\0\0Ͽ\0\0\0\0\0\0&\?\0\0\0@(|\0\0\0`OOȿ\0\0\0Mr\?\0\0\0Dw?\0\0\0ÿ\0\0\0 ,?\0\0\0`\?\0\0\0\\\\?\0\0\0@\߽\0\0\0Qj\?\0\0\0@f?\0\0\0\U?\0\0\0\0B\?\0\0\0=п\0\0\0`0\0п\0\0\0\?\0\0\0d\0\0\0𑉿\0\0\0`P-\0\0\0`\\?\0\0\0?\0\0\0@P\?\0\0\0\T\ڿ\0\0\0 ȿ\0\0\0\0u\?\0\0\0@Eۿ\0\0\0\0HfR\0\0\0\0e|v?\0\0\0=\?\0\0\0@=`ѿ\0\0\0\?\0\0\0y?\0\0\0`2\?\0\0\0\0\0\0\0}ZϿ\0\0\0M\0\0\0\ZĿ\0\0\0_o\0\0\0`H\0\0\0`I\?\0\0\0\Nп\0\0\0\0\\?\0\0\0i\?\0\0\0ե?\0\0\0\\0\0\0\P׿\0\0\0\\i\0\0\0@Pq\0\0\0 TB?\0\0\0\0G\0\0\0 >ÿ\0\0\05?\0\0\0\l?\0\0\0@c\0\0\0\p\?\0\0\0,\0\0\0>,\?\0\0\0\0\0\0\0 +\0\0\0@?\0\0\0`P@\?\0\0\0ƿ\0\0\0\0ſ\0\0\0\0:?\0\0\0<\\0\0\0`\ \?\0\0\0\0\0\0\?\0\0\0\0?\0\0\0`\DԿ\0\0\0 \?\0\0\0S\?\0\0\07\0\0\0@\ܨ?\0\0\0@\0\0\0@e9\?\0\0\0 1ҿ\0\0\0@\\'\0\0\0f\0\0\0@x8?\0\0\0\fҿ\0\0\0\0o\ƿ\0\0\05?\0\0\0p?\0\0\0`;#\0\0\0(!ʿ\0\0\0 Ѳ\?\0\0\0`)\?\0\0\0\0 \0\0\0\Ӷ\0\0\0\&\\0\0\0@\?\0\0\0\0%}?\0\0\0`X?\0\0\0Ȝ?\0\0\0\\7?\0\0\0D:?\0\0\0@\ѿ\0\0\0\\?\0\0\0`?\0\0\0@s\?\0\0\0`L?\0\0\0`ڠ\0\0\0a\0\0\0VϿ\0\0\0\0\'\?\0\0\0 \0\0\0*\0\0\0\\?\0\0\0 \K\0\0\0@:8Ϳ\0\0\0Ħ?\0\0\0\0f\?\0\0\0\0Oϩ?\0\0\0\\?\0\0\0\n`?\0\0\0rȿ\0\0\0\t\?\0\0\0\\?\0\0\0@\?\0\0\0\\nu\?\0\0\0\ǿ\0\0\0@\0\0\0`aG?\0\0\0@7ɿ\0\0\0!\0\0\0J\0\0\0\0L¿\0\0\0y\Ŀ\0\0\0 ɿ\0\0\0¿\0\0\0=\\0\0\0\?\0\0\0x\ܿ\0\0\0@\?\0\0\0\?\0\0\0\\?\0\0\0`S\?\0\0\0`S\?\0\0\0\0n\?\0\0\0`\3\0\0\0+\\?\0\0\0\Za\0\0\0`vؿ\0\0\0 \\?\0\0\0 i \0\0\0@mԾ\0\0\0`2¿\0\0\0ҷ?\0\0\0\\\?\0\0\0@\\?\0\0\0%\?\0\0\0\0\\Z\0\0\0\0\%?\0\0\0\Z¿\0\0\0 ܌\0\0\0M&\?\0\0\0@\0\0\0`\0ʿ\0\0\0\0\\?\0\0\0`\ƿ\0\0\0@M_?\0\0\0 Xw\?\0\0\0⋿\0\0\0\4\0\0\0`ݿ\0\0\0K\ZԿ\0\0\0`Sخ?\0\0\0\Cԓ?\0\0\0\\?\0\0\0 {?\0\0\0 O\?\0\0\0`Ŕҿ\0\0\0\A|\0\0\0\0bп\0\0\0\0|ڿ\0\0\0\\\\0\0\0o9\?\0\0\0 ?\0\0\0\?\0\0\0\0)?\0\0\0\0\'?\0\0\0`{?\0\0\0 pA\0\0\0\0,\?\0\0\0\0i\"\?\0\0\0\0U?\0\0\0\"Z\?\0\0\0\h\?\0\0\0q\0\0\0\0C?\0\0\0\0:k\0\0\0\0RͿ\0\0\0鵱\0\0\0\+?\0\0\0@kͿ\0\0\0\\?\0\0\0\0h<\0\0\0`\ǿ\0\0\0\N\?\0\0\0\0ӿ\0\0\0`v\\?\0\0\0\s\\?\0\0\0 2ſ\0\0\0\\>\0\0\0\\?\0\0\0 V\?\0\0\0\06?\0\0\0\0?\0\0\0\\0\?\0\0\0\\0\0\0@β\0\0\0ǣ\0\0\0`\\?\0\0\0Ӂ\0\0\0˕\0\0\0\0C4ſ\0\0\0?\0\0\0@?\0\0\0\0\0\0\0F\?\0\0\0`Ӑʿ\0\0\0\0*dt?\0\0\0\Ͽ\0\0\0\0?\0\0\0\0ҿ\0\0\0&\?\0\0\0`\\ѿ\0\0\0@\d\?\0\0\0`gb\?\0\0\0\01\ؿ\0\0\0 {\0\0\0\f?\0\0\0`ռ?\0\0\0`<\?\0\0\06L\0\0\05?\0\0\0\0j7?\0\0\0\y˿\0\0\0@Zſ\0\0\0@L\?\0\0\0¿\0\0\0\?\0\0\05&\0\0\0y\0\0\0\0̿\0\0\0 \0\0\0 ?\0\0\0W?\0\0\0@}?\0\0\0@?\0\0\0f?\0\0\0`b\?\0\0\0@ѡ\?\0\0\0>,̿\0\0\0@8Ŀ\0\0\0\Q\0\0\0\\?\0\0\0ёӿ\0\0\0\0D\0\0\0@/п\0\0\0\0\\ɿ\0\0\0\B_ο\0\0\0\Pѿ\0\0\0\0P\?\0\0\0\0k1?\0\0\0 aͿ\0\0\0\0\I\?\0\0\0\0\\\0\0\0@C\ſ\0\0\0m\\0\0\0@\0\0\0`Ю\?\0\0\0{?\0\0\0\0Z\'\0\0\0 \Z?\0\0\0@Obʿ\0\0\0@`\?\0\0\0\0@\0\0\0`\\?\0\0\0\ȿ\0\0\0 \\?\0\0\0\W\0\0\0`?\0\0\0o?\0\0\0\ۿ\0\0\0puܿ\0\0\0\&\ƿ\0\0\0@cɲ\0\0\0`3\?\0\0\0o?\0\0\0@\\?\0\0\0п\0\0\0Xa\0\0\0 \0ƴ\0\0\0\0Mk\?\0\0\0\0<?\0\0\0 0ٿ\0\0\0\0f|\?\0\0\0\#?\0\0\0 	\?\0\0\0 ?\0\0\0ώ\?\0\0\0\{\ѿ\0\0\0`~\?\0\0\0@\ſ\0\0\0\ȿ\0\0\0\0\\¿\0\0\0`_п\0\0\0@\\r?\0\0\0\0ǃӿ\0\0\0\\rٿ\0\0\0#\?\0\0\0\0\0\0\0@S\?\0\0\0\\?\0\0\0@p_˿\0\0\0\\Z\?\0\0\0`yƹ\0\0\0@Y\?\0\0\0|\\?\0\0\0`\ɤ?\0\0\0 \\?\0\0\0*?\0\0\0@ѿ\0\0\0@8ӿ\0\0\0\u\0\0\0\0\Z?\0\0\0\0\\\?\0\0\0]ɳ?\0\0\05ȿ\0\0\0`\?\0\0\0\ʿ\0\0\0Qҕ\0\0\0\0|ae?\0\0\0\0\\0\0\0\z?\0\0\0\\?\0\0\0`.R\\0\0\0[\0\0\0 n\?\0\0\0\:ÿ\0\0\0\0Dw\0\0\0\a\?\0\0\0@R\?\0\0\0Vn\0\0\0\0z?\0\0\0 ص\0\0\0?\0\0\0\pҿ\0\0\0ɪ?\0\0\0s\?\0\0\0 M@?\0\0\0 j?\0\0\0\pѿ\0\0\0@J\?\0\0\0\0Xm\0\0\0\w\0\0\0\\˲?\0\0\0@\\"\?\0\0\0@\\?\0\0\0@\\0\0\0\0H?\0\0\0@\н\0\0\0\0w\?\0\0\0\~\?\0\0\0\0?\0\0\0\\0\0\0YU\?\0\0\0 Ҁп\0\0\0@r?\0\0\0 \y\?\0\0\0\آ?\0\0\0\P`?\0\0\0\[z?\0\0\0P\?\0\0\0@\n`?\0\0\0Ŀ\0\0\0\0.տ\0\0\0|\?\0\0\0ޫ\?\0\0\0@`?\0\0\0\\Կ\0\0\0\0T?\0\0\0\Կ\0\0\0Ʌ\0\0\0@w?\0\0\0\\Z\0\0\0\9\\?\0\0\0@ɿ\0\0\0\0,Ϲ?\0\0\0 ??\0\0\0`\0\0\0 )\?\0\0\0\\Zk\?\0\0\0\0\'\?\0\0\0\\?','2023-03-13 13:16:41','2023-03-20 20:08:53'),(9,NULL,'./images/userfaces/9.jpg',_binary '\0\0\0V¿\0\0\02{?\0\0\0}&\?\0\0\0p\?\0\0\0 }˿\0\0\0Ƚ?\0\0\0_\?\0\0\0\0O\0\0\0\0\\?\0\0\0=\0\0\0\\?\0\0\0@?\0\0\0\0\0\0@B?\0\0\0 E\?\0\0\0|ò?\0\0\0\0s\0\0\0 L˿\0\0\0\Dʿ\0\0\0\0\0\0):ʿ\0\0\0z?\0\0\0\?\0\0\0\l?\0\0\09)\0\0\0\Ͽ\0\0\0\D?\0\0\0E?\0\0\0\0Eo\0\0\0h\0\0\0\0Cu?\0\0\0@?\0\0\0\?\0\0\0}k?\0\0\0\0\0\0!a\0\0\0\0\E?\0\0\0\0a\"?\0\0\0\0\ƿ\0\0\0Lν?\0\0\0\0\0\0@\\0\0\0`\0ʿ\0\0\0@QĿ\0\0\0@\ɿ\0\0\0\0Ɯ?\0\0\0 \0\0\0@檿\0\0\0rſ\0\0\0\0Ej\0\0\0`[7?\0\0\0\s\?\0\0\0`F?\0\0\0\0\\?\0\0\0`\0\0\0\0\0\0\0r÷\0\0\0\0xپ?\0\0\0 Y\̿\0\0\0<N?\0\0\0%Iǿ\0\0\0`?\0\0\0E	?\0\0\0<?\0\0\0\?\0\0\0\\0\0\0sX\?\0\0\0\E?\0\0\0@\0\0\0\0?\0\0\0|7?\0\0\0\̻?\0\0\0\0&ͺ\0\0\0k\0\0\0@\߱\0\0\0`?\0\0\0p?\0\0\0\`\?\0\0\0\0l꼿\0\0\0p4?\0\0\0`Nv\0\0\0\05i\0\0\0\0\'?\0\0\0:`?\0\0\0\0?\0\0\0ST\?\0\0\0Ok\0\0\0`d\0\0\0t\0\0\0ˣ\0\0\06Ä?\0\0\0\e\0\0\0\0:\\0\0\0\J\?\0\0\0@\Z\\?\0\0\0@a\\?\0\0\0@{?\0\0\0)ٛ?\0\0\0yC\?\0\0\0?\0\0\0+?\0\0\0i\0\0\0@?\0\0\0 \0\0\0@0\?\0\0\0`\ꬿ\0\0\0\0\0\0L\?\0\0\0F\0\0\0@8p\0\0\0Er\0\0\0\0ǿ\0\0\0@R\?\0\0\0\?\0\0\0@Ө\0\0\0E:?\0\0\0\0\\?\0\0\0\ƿ\0\0\0l̿\0\0\0v?\0\0\0\0\0\0\0 a䚿\0\0\0@\ع\0\0\0ф\?\0\0\0\0\ ?\0\0\0 r\0\0\0@e\0\0\0 ѿ\0\0\0j\?\0\0\0@\?\0\0\0`\T?\0\0\0L}?\0\0\0`)2?\0\0\01п\0\0\0@e\0\0\0\0\0\0\0(}\0\0\0\H\?\0\0\0*?\0\0\0@?\0\0\0?\0\0\08y\?\0\0\0`\'˿\0\0\0\0\?\0\0\0@?\0\0\0@XWƿ\0\0\0 Aſ\0\0\05S\0\0\0\08/?\0\0\0`4T?\0\0\0\\H\0\0\0\0o\0\0\0B\0\0\0\e?\0\0\0 հ?\0\0\0w\0\0\0\?\0\0\0 X\0\0\0\0\0\0\0\0\0\Ͽ\0\0\0 m\?\0\0\0 \0\0\0 \-\0\0\0\?\0\0\0uͿ\0\0\0\\K\?\0\0\0@?\0\0\0 >\0\0\0q\0\0\0߾?\0\0\0Uǿ\0\0\0 -?\0\0\0 \*?\0\0\001\0\0\0@H?\0\0\0\*?\0\0\0`\0\0\0\E\0\0\0\\?\0\0\0@\N?\0\0\0@oI?\0\0\0 \Ϳ\0\0\0 \)\?\0\0\0@-Ǯ\0\0\0 \?\0\0\0\0\?\0\0\0\0TĿ\0\0\0\0\0\0\Ɇ?\0\0\0 ]\0\0\0I?\0\0\0 \0\0\0\0qi?\0\0\0B\\?\0\0\0 \I?\0\0\0\0⤡\0\0\0@u?\0\0\0/ʿ\0\0\0`\0\0\0?\0\0\0\0e\0\0\0եͿ\0\0\0K\?\0\0\0@%\\0\0\0Ac?\0\0\0?\0\0\0`_ʿ\0\0\0ÿ\0\0\0`BB?\0\0\0<c\0\0\0\?\0\0\0\0\?\0\0\0 id\0\0\0?\0\0\0I?\0\0\0w}\0\0\0\\?\0\0\0W?\0\0\0 ݩ?\0\0\0}t¿\0\0\0@=͸\0\0\0\\?\0\0\0\yͰ?\0\0\0@-\\?\0\0\0Oɿ\0\0\0\0?\0\0\0\c?\0\0\0@?\0\0\0@[P\0\0\0\ȥп\0\0\0@jn\0\0\0\0Ѭ?\0\0\0?\0\0\0?8\?\0\0\0`FTȿ\0\0\0wӿ\0\0\0q\0\0\0\0 [\0\0\0-\0\0\0\<l\0\0\0`}?\0\0\0嘹\0\0\0`h\n\0\0\0lſ\0\0\0@\\?\0\0\0b\0\0\0`J?\0\0\0ȿ\0\0\0\6?\0\0\0@?\0\0\0\0CX\0\0\0\Y\0\0\04.?\0\0\0@M\ڿ\0\0\0@%z\0\0\0\0r\?\0\0\03?\0\0\0 \r?\0\0\0\\0\0\0\?\0\0\0j?\0\0\0@G?\0\0\0\0)?\0\0\0@\ÿ\0\0\0\ѿ\0\0\0c?\0\0\0@\ش\0\0\0<\0\0\0c?\0\0\0?\0\0\0\09˛?\0\0\0 \0\0\0\0\0\0`Ŀ\0\0\0`\^\?\0\0\0 3?\0\0\0 l\0\0\0{\\?\0\0\0j?\0\0\0\0}?\0\0\0$\?\0\0\0\\0\0\0`Y\0\0\0p\0\0\00\?\0\0\08\?\0\0\0[մ?\0\0\0`}Կ\0\0\0\\?\0\0\0@6|?\0\0\0@\\nп\0\0\0@ط?\0\0\0`\Կ\0\0\0`&?\0\0\0!?\0\0\0\0\-\?\0\0\0`m\0\0\0 -?\0\0\0\5?\0\0\0\0\0\0b?\0\0\0\\?\0\0\0\0\\Z\0\0\0\]\?\0\0\0@\0\0\0 ޫ\0\0\0`\^\0\0\0$yο\0\0\0\0>?п\0\0\0 J\\?\0\0\0hb\0\0\0 bɿ\0\0\0\\\?\0\0\0Ѣ?\0\0\0@\˴?\0\0\0\\?\0\0\0\0#?\0\0\0`\ο\0\0\0\?\0\0\0@L?\0\0\0@\\?\0\0\0`l?\0\0\0n\0\0\0=Z\?\0\0\0\s?\0\0\0\?\0\0\0\0|\?\0\0\0 -֦\0\0\0 g\0\0\0 \\ѿ\0\0\084\0\0\0g[?\0\0\0@~	\?\0\0\0\0\0\0*q?\0\0\0@q?\0\0\0@_?\0\0\0??\0\0\0\?\0\0\0\0X?\0\0\0\i\?\0\0\0@Lÿ\0\0\0\0iÿ\0\0\0`\0\0\0@v\?\0\0\0\?\0\0\0`ܱ\0\0\0C\?\0\0\0?\0\0\0\ \0\0\0ރ\0\0\0\\Z˿\0\0\0\0A\0\0\0\Y^\0\0\0Sn\0\0\0\0\d\0\0\0\r?\0\0\0\0hi\0\0\0 \n?\0\0\0?\0\0\0\B\0\0\0 g\?\0\0\0`A\0\0\0\0,?\0\0\0`ǿ\0\0\0D\0\0\05̿\0\0\0\\?\0\0\0 Z\r¿\0\0\0\k\0\0\0d\\?\0\0\0b\?\0\0\0@J5\0\0\0\0)U?\0\0\0f\0\0\0`n?\0\0\0 ?\0\0\0\0\˷?\0\0\0FԿ\0\0\0`S\0\0\0`)?\0\0\0\0\0\0\0ѻ\?\0\0\0\?\0\0\0Il?\0\0\0\0\\0\0\0H\0\0\0\;F\0\0\0\ߟ\0\0\05ع?\0\0\0\??\0\0\0@O?\0\0\0\0\0\0\0J\0\0\0\%\0\0\0 ߯\?\0\0\0\0XZ\0\0\0 Mӿ\0\0\0\0t~?\0\0\0\0\&\0\0\0d?\0\0\0 d\0\0\0\0\0\0?\0\0\0\0pɖ?\0\0\0?\0\0\0\݇?\0\0\0 \0\0\0`޺\0\0\0\0o)\0\0\0ֵ?\0\0\0@\\\0\0\0p\0\0\0@d?\0\0\09\0\0\0\|\0\0\0`\'㻿\0\0\0\01c\?\0\0\0`/0Ŀ\0\0\0+\0\0\0@[?\0\0\0 X\0\0\0\0\0\0\I\?\0\0\0 }f\?\0\0\0 \p?\0\0\0\\9?\0\0\0ۿ\0\0\0@ǿ\0\0\0฿\0\0\0\"\?\0\0\0@TMο\0\0\0\\r?\0\0\0@?\0\0\0`\0\0\0\0IR?\0\0\0@\0\0\0\0\0 K?\0\0\0\A?\0\0\0\0c\0\0\0bKĿ\0\0\0 \r鰿\0\0\0`!˿\0\0\0`K\~?\0\0\0@mV?\0\0\0\0m\0\0\0 \\0\0\0썼\0\0\0E\?\0\0\0 A۾?\0\0\0\,U\0\0\0}?\0\0\0&\0\0\0`\\?\0\0\0@\ɷ?\0\0\0\ο\0\0\0k¿\0\0\0@?\0\0\0qƿ\0\0\0\0@@\0\0\0\0#m?\0\0\0\Cp\?\0\0\0@?\0\0\0@\\?\0\0\0?\0\0\0?\0\0\0|\0\0\0`\0ȿ\0\0\0伿\0\0\0\آ?\0\0\0\0ǿ\0\0\0`O\\0\0\08?\0\0\0\}¿\0\0\0\;ÿ\0\0\0`c\0\0\0h\0\0\0In\0\0\0`\r?\0\0\0\0rٻ\0\0\0 \\?\0\0\0,?\0\0\0\\?\0\0\0\6\0\0\0\0\0\0\0\0\ÿ\0\0\0@\0\0\0\㖺\0\0\0\0\0\0@X\0\0\0@}Ę?\0\0\0 ߡ?\0\0\0@+R\0\0\0`\Ͽ\0\0\0 +?\0\0\0O?\0\0\0X]\0\0\0@O\0\0\0\ж?\0\0\0`P\0\0\0)\?\0\0\0F\?\0\0\04Pѿ\0\0\0\0\0\0\0#\0\0\0@ƿ\0\0\0\0R\\0\0\0h]?\0\0\0R\?\0\0\03\?\0\0\0?','2023-03-21 14:21:47','2023-03-21 14:21:53'),(10,NULL,'./images/userfaces/10.jpg',_binary '\0\0\0\0\0\0u\y\0\0\0 \\0\0\0\0\Ը\0\0\0@q\0\0\0`\k\?\0\0\0}\0\0\0,?\0\0\0\?\0\0\0@Mݹ\0\0\0 \0\0\0H\0\0\0\0YR\0\0\0@.?\0\0\0/Z\?\0\0\0Rs?\0\0\0\vw\0\0\0F?\0\0\0\?\0\0\0T\0\0\0`\0\0\0`pۑ?\0\0\0\?\0\0\0`]\0\0\09\"ҿ\0\0\0\0s\0\0\0`u\0\0\0`1\?\0\0\0\0\п\0\0\0`ɷ\0\0\0`R\0\0\0\0\;?\0\0\0\0^l?\0\0\0@\0\0\0\01Y\0\0\0iѿ\0\0\0\0\0\0g\0\0\0 \r\0\0\0\\?\0\0\0\?\0\0\0\\?\0\0\0H\0\0\02?\0\0\0\0\0\0\0w?\0\0\0\0\ ?\0\0\0@D?\0\0\0=\0\0\0\D\0\0\0\*D?\0\0\0*e\0\0\0\ɿ\0\0\0\4\0\0\0\0\?\0\0\0s?\0\0\0\0_\?\0\0\0\?\0\0\0Xſ\0\0\0\0\0\0\z\п\0\0\0\$V\?\0\0\0\0\0\0<ÿ\0\0\0`{\0\0\0(\0\0\0 \0\0\0\x?\0\0\0\\0\0\0\ɖ?\0\0\0Ɵп\0\0\0 u<\0\0\0\\?\0\0\0\0\ɘ\0\0\0\ܺͿ\0\0\0@3	\?\0\0\0@?\0\0\0@\g\0\0\0 \0\0\0C[\0\0\0\08_\0\0\0S\'\0\0\0@/ɿ\0\0\0\?\0\0\0\0.?\0\0\0@>f?\0\0\0\p\0\0\0\{\Z?\0\0\0SͿ\0\0\0\0h\?\0\0\0o\?\0\0\0\=\0\0\0$\\?\0\0\0SB?\0\0\0ļ?\0\0\0\踿\0\0\0\0\0\0\0\0\0\0\'\?\0\0\0ᧃ?\0\0\0\0\,?\0\0\0be?\0\0\0`\(?\0\0\0@8{?\0\0\0\\0\0\0\0ʿ\0\0\0@\?\0\0\0\0\?\0\0\0\1ɩ?\0\0\0\\Ҩ\0\0\0Y\0\0\0 \ݸ?\0\0\0Du?\0\0\0?\0\0\06\\?\0\0\0b\0\0\0~E\0\0\0\rƿ\0\0\0\0\0\0\0HQ?\0\0\0`!t\0\0\0\0Ԡ\0\0\0U\?\0\0\0\\?\0\0\0ї\0\0\0@\/?\0\0\0Br\0\0\0`Ϳ\0\0\0?\0\0\0R+\?\0\0\0@|N?\0\0\0]Ŀ\0\0\0(?\0\0\0\p\0\0\0 T?\0\0\0\ɿ\0\0\0߉˿\0\0\0]?\0\0\0cf\0\0\0z\?\0\0\0\0\0\00\'\?\0\0\0Z~\0\0\0\?\0\0\0\0\0\0\0@f?\0\0\0`6`ƿ\0\0\0@j?\0\0\05?\0\0\0e\?\0\0\0@\\?\0\0\0\0\Zn?\0\0\0\0\0\0?\0\0\0˰Ϳ\0\0\0ȿ\0\0\0 ɷ?\0\0\0`d?\0\0\0\P\0\0\05z\0\0\0丿\0\0\0\0?\0\0\0`%?\0\0\07Mſ\0\0\0 \?\0\0\0@Ņ\0\0\0P?\0\0\0 g\\0\0\0`\nwȿ\0\0\0\0\|\0\0\0\0S\?\0\0\0o,\0\0\0@ᢿ\0\0\0\'?\0\0\0 i4\0\0\0 \a\0\0\0`[q?\0\0\0捸?\0\0\0@\u?\0\0\0 \0\0\0 /\0\0\0`\0\0\0\0\̹\0\0\0\Ig?\0\0\0	ٱ\0\0\0\"@?\0\0\0\P\?\0\0\0\<\0\0\0\A鼿\0\0\0 O\'\0\0\0\0#?\0\0\0\0@>\0\0\0ap?\0\0\0`S\?\0\0\0`ꚣ\0\0\0 j\0\0\0\0\'2x\0\0\0DT\0\0\0eR\0\0\0\0Qaտ\0\0\0\0??\0\0\0\?\0\0\0;?\0\0\0?\0\0\0 \0\0\0ſ\0\0\0\0/y\0\0\0@\0\0\0\0	gy?\0\0\0@$\0\0\0=\0\0\0\޷?\0\0\0@M>\?\0\0\0\0S\?\0\0\0p?\0\0\0ࢱ\0\0\0 ?\0\0\0`沿\0\0\0ה\0\0\0\䃿\0\0\0`\n?\0\0\0@1\0\0\0c\?\0\0\0?\0\0\0\?\0\0\0@c\r?\0\0\0m\?\0\0\0d\Z?\0\0\0`\r\?\0\0\0%?\0\0\0`ƿ\0\0\0@Y\0\0\0\0\ը\0\0\0`?\0\0\0\0?\'R\0\0\0\?\0\0\0=Vÿ\0\0\0U<v\0\0\0SϿ\0\0\0 /?\0\0\0@\O\0\0\0@\P?\0\0\0@\?\0\0\0䃿\0\0\0tƿ\0\0\0?\0\0\0]\?\0\0\0`6E?\0\0\0\\?\0\0\0b\0\0\0`?\0\0\0u\0\0\0\\a\0\0\0\\?\0\0\0[\\0\0\0\0?\0\0\0dr\?\0\0\0\\"\?\0\0\0fಿ\0\0\0\\¿\0\0\0\\0\0\0@?\0\0\0\$?\0\0\0(@?\0\0\0\P\\\?\0\0\0@^\0\0\0\\?\0\0\0\\Z\?\0\0\0\0\0\0@\\Ŀ\0\0\0`tX\0\0\0Ͽ\0\0\0`\\?\0\0\0\0<H?\0\0\0\Գ\0\0\0F$?\0\0\0<\?\0\0\0`\\?\0\0\0p\0\0\0@\0\0\0\0^\0\0\0@\0\0\0`፿\0\0\0\t?\0\0\0@N\0\0\0u;\0\0\0\?\0\0\0\?\0\0\0 HX?\0\0\0`!\?\0\0\08\0\0\0Ԭ\0\0\0@\T?\0\0\0\"\Z\0\0\0?\0\0\0\|ο\0\0\0\\0\0\0\0ÿ\0\0\0\0/N\0\0\0@&\?\0\0\0\\\?\0\0\0\ki?\0\0\0`\?\0\0\0\&\?\0\0\0\D?\0\0\0n\?\0\0\0@?\0\0\0\0\?\0\0\0\0͢ʿ\0\0\0@\̿\0\0\0@𣯿\0\0\0\07?\0\0\0@zV?\0\0\0\\¿\0\0\0\\?\0\0\0/\?\0\0\0 e\?\0\0\0\0\0\0 l\0\0\0@w\0\0\0=?\0\0\0\0lo\?\0\0\0\04?\0\0\0pǋ?\0\0\0 P?\0\0\0\ǿ\0\0\0\0~q\?\0\0\06?\0\0\0`|¿\0\0\0@j\Z\?\0\0\0\0\Eſ\0\0\05?\0\0\0@?\0\0\0v\?\0\0\0@\Ͽ\0\0\0`\0\0\0 \0\0\0\0\0\0`D߳\0\0\0\0詳?\0\0\0\0\0\0`_\?\0\0\0@?\0\0\0$\0\0\0@+\?\0\0\02\0\0\0@8?\0\0\0xp\0\0\0\0^\\?\0\0\0\l\?\0\0\0\0\0\0\0 Z9\0\0\0@n¿\0\0\0\V?\0\0\0\0\ӿ\0\0\0`ݿ?\0\0\0 eп\0\0\0\0!䰿\0\0\06,?\0\0\0@DX|\0\0\0L\?\0\0\0\0?\0\0\0\;?\0\0\0\06\0\0\0\?\0\0\0@Ǽ\0\0\0\0W?\0\0\0@z\п\0\0\01?\0\0\0 \00Ͽ\0\0\0\0n\0\0\0 6Y?\0\0\0,?\0\0\0jÿ\0\0\0@\?\0\0\0 S?\0\0\0@_\0\0\0?\0\0\0]\'\0\0\0\0\0\0\0@ÿ\0\0\0\0T\0\0\0\0縿\0\0\0@r\\?\0\0\0\0k?\0\0\0߫\0\0\0`ɚ\0\0\0`\\0\0\0\?\0\0\0\0\0\0@D?\0\0\0\0\0?\0\0\0 ?\0\0\0`\?\0\0\0ª\0\0\0p{?\0\0\0\\?\0\0\0@5?\0\0\0\0<ÿ\0\0\0?\0\0\0-q?\0\0\0 SgĿ\0\0\0?\0\0\0\p\0\0\0Ł?\0\0\0\0?\0\0\0Ne?\0\0\0⿿\0\0\0\0j\0\0\01\0\0\0\0x\?\0\0\0 4\0\0\0`\뿿\0\0\0\\0\0\0 _乿\0\0\0@\!?\0\0\0\u\?\0\0\0W?\0\0\0@#?\0\0\0K?\0\0\0Ŀ\0\0\0F?\0\0\0\Zͬ\0\0\0\oɿ\0\0\0E?\0\0\0\?\0\0\0@\0\0\0\0ſ\0\0\0%ʿ\0\0\0,\?\0\0\0\Fܛ?\0\0\0\=쵿\0\0\0\0\0\0\0\B?\0\0\0@\ؾ\0\0\0`f\0\0\0\*\0\0\0 ?\0\0\0	M\0\0\0\0Ż\0\0\0RU\0\0\0l?\0\0\0\3?\0\0\0 Ŀ\0\0\0\٭\0\0\0φ?\0\0\0`D\0\0\0 \0\0\0\0\0\0\0f6?\0\0\0Cg\?\0\0\0@?\0\0\0\0ټ?\0\0\0@\\?\0\0\0\0\\?\0\0\0\7\?\0\0\0 _Ͽ\0\0\0 JN\0\0\0 ?\0\0\0V\?\0\0\0 2?\0\0\0δ\0\0\0`?\0\0\0Ʋ?\0\0\0j>\0\0\0\?\0\0\0\\?\0\0\0\03\0\0\0\0Z\0\0\0п\0\0\0Ď\?\0\0\0\?\0\0\0@\?\0\0\0Τ?\0\0\0h\?\0\0\0-\0\0\0 \˿\0\0\0\0ɝ\0\0\0a?\0\0\0\\?\0\0\0?\0\0\0`-q\0\0\0c?\0\0\0\0`W\0\0\0ҝ\0\0\0қ\0\0\0K\0\0\0@?\0\0\0\\0\0\0\0q\0\0\0\0p?\0\0\0\0\0\0\ԩ?\0\0\0@\\ɿ\0\0\0\0A?\0\0\0i?\0\0\0@\\̶?\0\0\0ǜ\0\0\0N\?\0\0\0\ƿ\0\0\0 y?\0\0\0 n\n?\0\0\0\0C?\0\0\0@ڢ\0\0\0\\?\0\0\0@ñ?\0\0\0\\]?\0\0\0`kͿ\0\0\0\0\?\0\0\06\?\0\0\0\0ȭ\?\0\0\0\ƿ','2023-03-27 15:00:30','2023-03-27 15:00:38'),(494490,NULL,'./images/userfaces/494490.jpg',_binary '\0\0\0`WZ\0\0\0\ǿ\0\0\0\0HͿ\0\0\0\ζ\0\0\0Mп\0\0\0p?\0\0\0`h\0\0\0\3\?\0\0\0j\0\0\0\0\?\0\0\0?\0\0\0\0\{?\0\0\0\0\0\0\0\\?\0\0\0\0\"̿\0\0\0 \*¿\0\0\0\0\0\0\0\\?\0\0\0 u?\0\0\0@km?\0\0\0\\ݿ\0\0\0o\n\0\0\0\?\0\0\0`\\0?\0\0\0K̿\0\0\0\v\?\0\0\0@CYJ?\0\0\0ĸ?\0\0\0\\\\\0\0\0?\0\0\0\0\0\0\0F\Ŀ\0\0\0\0\+?\0\0\0@\ȫ\0\0\0`G?\0\0\0\0U3\?\0\0\0\0tǿ\0\0\0\0\0\0ۼ\0\0\0`΄\?\0\0\0`ݵο\0\0\0@f6\?\0\0\0\0p	Ϳ\0\0\0W\0\0\0\_\0\0\0`L\ȿ\0\0\0\0pd+\0\0\0\!\0\0\0 ?\0\0\0@\۱?\0\0\0\O?\0\0\0P[?\0\0\0\0\0\0\0+\0\0\0\0?\0\0\0\ʿ\0\0\0`9\?\0\0\0@2AĿ\0\0\0\¿\0\0\0hL?\0\0\0L(\0\0\0ȿ\0\0\0H\0\0\0@\?{\0\0\0\0ڴ\0\0\0W\?\0\0\0D^?\0\0\0*\?\0\0\0j\ƿ\0\0\0\S	?\0\0\0@`\0\0\0D\?\0\0\0Z\?\0\0\0@\x?\0\0\0\,Vտ\0\0\0\\]?\0\0\0 $?\0\0\0p\0\0\0@\n?\0\0\0`?\0\0\0\&\0\0\0P\0\0\0\\g?\0\0\0@\ \?\0\0\0\\'?\0\0\0@\?\0\0\0\n\0\0\0 _ۿ\0\0\0@\nտ\0\0\0\0\\?\0\0\0M-\0\0\0\0\0\0\0 \?\0\0\0 oΜ?\0\0\0ս?\0\0\0\0~bʿ\0\0\0\\'\0\0\0\0\ſ\0\0\0\?\0\0\0\0&?\0\0\0ŝ\0\0\0S\0\0\0@d\?\0\0\0[:\0\0\0@ʿ\0\0\0\\av\0\0\0`1%?\0\0\0΁\?\0\0\0G\0\0\0\0ӿ\0\0\0@\\?\0\0\0\?\0\0\0\0[?\0\0\0\>\?\0\0\0\0\^?\0\0\0	?\0\0\0\\n?\0\0\0\ҿ\0\0\0\0\i?\0\0\0|\?\0\0\0\lͿ\0\0\0]xy?\0\0\0\0Ps¿\0\0\0?\0\0\0@|?\0\0\0@-?\0\0\0ѿ\0\0\0 ?\0\0\00X?\0\0\06\?\0\0\0ֿ\0\0\0 \\ʿ\0\0\0@O\0\0\0\\ڿ\0\0\0}\ӿ\0\0\0\0\0\0\0 b\?\0\0\0\m\\?\0\0\0@q\ʿ\0\0\0\?\0\0\0 տ\0\0\0`r\?\0\0\0z>ڿ\0\0\0 \\?\0\0\0?\0\0\0`\\?\0\0\0\0`\0\0\0`08\0\0\0\0xW?\0\0\0 \?\0\0\0@\0\0\0<\0\0\0@ǿ\0\0\0\0ҥ?\0\0\0@\߭?\0\0\0@\0\0\0`\0\0\0@b\0\0\0 ;sĿ\0\0\0Vؿ\0\0\0S\0\0\0ӿ\0\0\0\\?\0\0\0`\5¿\0\0\0\#?\0\0\0g\0\0\0\|\\?\0\0\0\5\0\0\0\0\0\0\0\0\0\0@B\?\0\0\0\\ʿ\0\0\0\0BK\0\0\0`vx\?\0\0\0\\0\0\0@\ÿ\0\0\0[K?\0\0\0?\0\0\0\0\Կ\0\0\0\0	3\0\0\0%9\0\0\0 MԿ\0\0\0\\ȿ\0\0\0}\?\0\0\0\W?\0\0\0 ޅ\?\0\0\0H\?\0\0\0`>˿\0\0\0\0آ?\0\0\0@g	Ŀ\0\0\0`\?\0\0\0`䳿\0\0\0`,`\0\0\0 S\?\0\0\0\0r;?\0\0\0`OН?\0\0\0\0\0\0\ӿ\0\0\0\2\0\0\0 #ܿ\0\0\0\?\0\0\0̥\0\0\0mb\?\0\0\0\0U\?\0\0\0\0#ƿ\0\0\0\]Ǻ\0\0\0`\\?\0\0\0Q\?\0\0\0`?\0\0\0<z\0\0\0\Zk\0\0\0?\0\0\0N?\?\0\0\0@/?\0\0\0`%?\0\0\0&`\?\0\0\0@\ÿ\0\0\0\\¿\0\0\0@?\0\0\0۱\0\0\0@\?\0\0\0@B?\0\0\0@A\\?\0\0\0Y\?\0\0\0`	Y\?\0\0\0`찿\0\0\0\0.\n?\0\0\0\M?\0\0\0@i\0\0\0fn?\0\0\0`yU\0\0\0lӿ\0\0\0@?\0\0\0?\0\0\0\?\0\0\0o}?\0\0\0Ŀ\0\0\0 ܿ\0\0\0\\\ӿ\0\0\0س\0\0\0֤\0\0\0`#?\0\0\0\\E?\0\0\0\0vt¿\0\0\0\0Ļ\0\0\0\\?\0\0\0@\"\?\0\0\0@L?\0\0\0,\?\0\0\0@B?\0\0\0\0\0\0iͿ\0\0\0r\0\0\0\g?\0\0\0\\9ÿ\0\0\0 ^\ſ\0\0\0@]?\0\0\0\\<?\0\0\0`@\\?\0\0\0`x\0\0\0@7*\0\0\0@es\0\0\0\0\?\0\0\0@]?\0\0\0\0Di\?\0\0\0\0p\0\0\0\0\0\0뮿\0\0\0 ڋ\0\0\0\*Ҫ\0\0\0\0nſ\0\0\0\0b\?\0\0\0\0%?\0\0\0Bq?\0\0\0\0\0\0y\0\0\0@\\0\0\0s띿\0\0\0\0R\0\0\0@\Z\0\0\0`T?\0\0\0Zu\?\0\0\0@1\?\0\0\0\0$?\0\0\0\\ſ\0\0\0\r\0\0\0?\0\0\0?\0\0\0\׿\0\0\0ս\0\0\0\?\0\0\0 x\?\0\0\0F>ѿ\0\0\0q?\0\0\0U?\0\0\0w?\0\0\0\޷\0\0\0\0uǿ\0\0\0`\\o?\0\0\03?\0\0\0\E\?\0\0\0`jD\0\0\0[I\?\0\0\0?\0\0\0\0\0\0\0@Xb\0\0\0`*ſ\0\0\0\5?\0\0\0\0-\0\0\0ҿ\0\0\0 s?\0\0\0\y\0\0\0\0J\0\0\0F=¿\0\0\0\?\0\0\0@Ρ\0\0\0\\X\?\0\0\0 х\?\0\0\0\X¿\0\0\0@ˠ\0\0\0\X\0\0\0\\?\0\0\09׿\0\0\0x\0\0\0`\?\0\0\0 \\տ\0\0\0\\?\0\0\0 X\?\0\0\0\\?\0\0\0\0|c\?\0\0\0\ɤ\0\0\0\0D\?\0\0\0\0PZV?\0\0\0?\0\0\0\0{\ο\0\0\0\0\0\0(?\0\0\0.\?\0\0\0`wȿ\0\0\0r\?\0\0\0 Ŀ\0\0\0@UV?\0\0\0Qٮ\0\0\0\fx\0\0\0@j\\?\0\0\0`Կ\0\0\0\~\0\0\0\ǿ\0\0\0\5˸\0\0\0\?\0\0\0\0ѿ\0\0\0@?\0\0\0 #ƿ\0\0\0@E?\0\0\0\3\0\0\0\0	0\?\0\0\0`Wfѿ\0\0\0\\0\0\0Hÿ\0\0\0\0f?\0\0\0\03ᘿ\0\0\0˾\0\0\0\ſ\0\0\0@\"\0\0\0\?\0\0\0\0\0\0\0 \\0\0\0\mѿ\0\0\0\0=\\?\0\0\0\\Uҿ\0\0\0\0\׿\0\0\0\J\0\0\0`{\?\0\0\0\ֿ\0\0\0?\?\0\0\0 \\\0\0\0:ʠ?\0\0\0 G7?\0\0\0\Z\\0\0\0}\0\0\0ɿ\0\0\0INȿ\0\0\0?\0\0\0 \?\0\0\0\0\#\0\0\0@[մ?\0\0\0`̿\0\0\0@wӿ\0\0\0@\nN?\0\0\0\0#\0\0\0 \ӿ\0\0\0\0C?\0\0\0@׮?\0\0\06\0\0\06\?\0\0\0?\0\0\0 w+\?\0\0\0ඟ\?\0\0\0 \0\0\0`\\?\0\0\0\\?\0\0\0`\`\0\0\0\;\?\0\0\0ѿ\0\0\0?\0\0\0wĿ\0\0\0\0ƿ\0\0\0@h\0\0\0\޴\0\0\0\\v?\0\0\0\0?\0\0\0`0\0\0\0`*漿\0\0\0\0ڜ\0\0\0s\¿\0\0\0㗿\0\0\0\r\?\0\0\0\\0\0\0n\\0\0\0\r?\0\0\0@%tǿ\0\0\0@E٢\0\0\0f?\0\0\0 -˿\0\0\0\0\q\?\0\0\0\?\0\0\0@eؿ\0\0\0@r\?\0\0\0\0q\rm\0\0\0\0\\0\0\0nۣ?\0\0\0\0\0\0\Z[ʿ\0\0\0\0R=˿\0\0\0`S\ӿ\0\0\0\ư\0\0\0\0e\ο\0\0\0\1\0\0\0\\5\?\0\0\0@Я\0\0\0\0\Ŀ\0\0\0 Ѵ\0\0\0pd\0\0\0 ſ\0\0\0`i\0\0\0z_\?\0\0\0&\?\0\0\0\l˿\0\0\0@z\0\0\0\0\?\0\0\0f\0\0\0=\?\0\0\0\v?\0\0\0)\\?\0\0\0@\?\0\0\0\0?\0\0\0\SԿ\0\0\0\1?\0\0\0 ҋ\0\0\0\) \0\0\0\K?\0\0\0Ú\0\0\0;\?\0\0\0\ç\0\0\0@l\\?\0\0\0`f\0\0\0 q\?\0\0\0`\3ÿ\0\0\0ö?\0\0\0\\ݿ\0\0\0\0K\?\0\0\0@\ۑ\0\0\0\0L\g\0\0\0_R\0\0\0 Ͻ?\0\0\0lu\0\0\0 I\Zҿ\0\0\0\\\0\0\0\B\ݿ\0\0\0\:5\?\0\0\0\0\0\0\0@KR\?\0\0\0\\?\0\0\0f\\?\0\0\0\0<t\0\0\0V?\0\0\0@+g\0\0\0\0Y˿\0\0\0\0\n\0\0\0\09?\0\0\0H\?\0\0\0䛿\0\0\0\0?\0\0\0\ݿ\0\0\0\\/ſ\0\0\0\&\0\0\0`\"?\0\0\0x?\0\0\0@\\?\0\0\0C\\0\0\0A`\0\0\0\0?\0\0\0\0	\?\0\0\0c\0\0\0`m쀿\0\0\0m\?\0\0\0?\0\0\0\0;?\0\0\0\\?\0\0\0ۑ\?\0\0\0\\?\0\0\0\0','2023-03-28 11:32:27','2023-03-28 11:32:27');
/*!40000 ALTER TABLE `userfaces` ENABLE KEYS */;
UNLOCK TABLES;

--
-- Table structure for table `users`
--

DROP TABLE IF EXISTS `users`;
/*!40101 SET @saved_cs_client     = @@character_set_client */;
/*!50503 SET character_set_client = utf8mb4 */;
CREATE TABLE `users` (
  `id` int NOT NULL,
  `username` varchar(45) DEFAULT NULL,
  `password` varchar(45) DEFAULT NULL,
  `phone` varchar(45) DEFAULT NULL,
  `address` varchar(45) DEFAULT NULL,
  `birthday` date DEFAULT NULL,
  `motto` varchar(145) DEFAULT NULL,
  `gender` varchar(45) DEFAULT NULL,
  `home` varchar(45) DEFAULT NULL,
  `flag` int DEFAULT NULL,
  `headshot` varchar(45) DEFAULT NULL,
  `email` varchar(45) DEFAULT NULL,
  PRIMARY KEY (`id`)
) ENGINE=InnoDB DEFAULT CHARSET=utf8mb4 COLLATE=utf8mb4_0900_ai_ci;
/*!40101 SET character_set_client = @saved_cs_client */;

--
-- Dumping data for table `users`
--

LOCK TABLES `users` WRITE;
/*!40000 ALTER TABLE `users` DISABLE KEYS */;
INSERT INTO `users` VALUES (0,'admin','1','admin',NULL,NULL,NULL,NULL,NULL,NULL,'./images/headshots/0.jpg',NULL),(1,'李夏天','123456','17365691811','江苏 苏州','2000-08-11','自信即颠峰','男','陕西 西安',1,'./images/headshots/1.jpg','1398775803@qq.com'),(9,'小锐','123456','19914657629',NULL,NULL,NULL,NULL,NULL,NULL,NULL,NULL),(10,'hxkk','hxk','13215582035',NULL,NULL,NULL,NULL,NULL,NULL,NULL,NULL),(101743,'杨莉','J000vtnavu','13985216707','甘肃省澳门市华龙邰路','1996-02-14','Dream set return produce positive nor.','男','甘肃省澳门市华龙邰路',1,'./images/headshots/101743.jpg','chaosu@facebook.com'),(103947,'罗坤','mEjfoqWFxi','18069642774','西藏自治区太原县平山姚路','1997-07-28','What least word senior their enter doctor.','男','西藏自治区太原县平山姚路',1,'/images/headshots/103947.jpg','pengjun@bytes.org'),(105657,'梁杨','ERdGU0vAIS','13128930080','湖南省艳县翔安惠州路','2001-10-11','Occur turn challenge example ground.','男','湖南省艳县翔安惠州路',0,'./images/headshots/105657.jpg','pingliao@google.net'),(107452,'包春梅','Ey4ffwowSI','15011499710','辽宁省海门市白云东莞路','1993-11-21','Career decision determine message camera whether.','女','辽宁省海门市白云东莞路',0,'./images/headshots/107452.jpg','jun36@qq.com'),(112793,'安燕','fi0FCeJ55T','18908624296','澳门特别行政区鹏县城北柳州路','1991-06-24','Land daughter pay gun military out.','男','澳门特别行政区鹏县城北柳州路',0,'/images/headshots/112793.jpg','tianlei@122.org'),(113790,'韦秀华','fh1gCBF2lx','15335035911','广西壮族自治区玉兰县平山昆明街','2001-06-30','Cost physical reason behind reduce cause baby.','女','广西壮族自治区玉兰县平山昆明街',0,'./images/headshots/113790.jpg','juan41@facebook.org'),(117435,'周雪','qO7oQ0FK41','13275613053','湖北省关岭县江北韦路','1988-04-03','Second improve before situation although job.','女','湖北省关岭县江北韦路',0,'./images/headshots/117435.jpg','cuiyan@google.org'),(120568,'张娟','kwJ9ntgin7','18036881336','湖南省西安县兴山辽阳路','1998-09-23','Which today western wind.','女','湖南省西安县兴山辽阳路',0,'/images/headshots/120568.jpg','edu@qq.org'),(122063,'邹莉','q8ehZiqVvd','13244029706','广西壮族自治区凯县锡山苏路','1997-06-07','Choose receive mouth consumer.','男','广西壮族自治区凯县锡山苏路',0,'./images/headshots/122063.jpg','chenyan@qq.net'),(129521,'吴桂花','Bj6Fb4YLO5','18544483154','重庆市洋县大东王街','2001-04-14','Decision miss source suggest relationship.','女','重庆市洋县大东王街',1,'./images/headshots/129521.jpg','longguiying@163.net'),(136987,'龙帆','xhG94suBir','15047285473','宁夏回族自治区勇县城北昆明街','1998-09-17','We western performance return record.','女','宁夏回族自治区勇县城北昆明街',0,'/images/headshots/136987.jpg','jing65@qq.com'),(137145,'朱彬','mzxSBhflhU','15940126700','上海市超县六枝特侯街','2001-07-31','Style likely drive.','男','上海市超县六枝特侯街',1,'/images/headshots/137145.jpg','guiying06@qq.com'),(138642,'张冬梅','ayweKqjump','15152100533','云南省桂芝县永川王路','1996-11-01','Fact there realize.','男','云南省桂芝县永川王路',0,'/images/headshots/138642.jpg','wuxia@facebook.net'),(140315,'谭畅','YqXAp7uCPg','18558561089','广东省淮安县大兴张家港路','1993-12-29','Air research pay big senior.','男','广东省淮安县大兴张家港路',1,'./images/headshots/140315.jpg','qiangxia@facebook.com'),(140702,'金字塔','e10adc3949ba59abbe56e057f20f883e','15599038369',NULL,NULL,NULL,NULL,NULL,NULL,NULL,NULL),(141268,'王志强','Tnuzb2jV9D','15354378479','云南省西安市南溪重庆街','1992-02-16','Record decision address among.','女','云南省西安市南溪重庆街',1,'./images/headshots/141268.jpg','cuiwei@facebook.org'),(147847,'杨娟','a6CCg1XBKA','18759935095','湖北省娟市萧山佛山街','2001-04-28','Machine serve event.','女','湖北省娟市萧山佛山街',0,'./images/headshots/147847.jpg','zsu@163.com'),(148972,'杨欣','rLbq5XhDOo','15727684824','青海省阜新县东丽兰州街','1996-11-20','Minute southern Democrat two business.','女','青海省阜新县东丽兰州街',1,'./images/headshots/148972.jpg','ming56@163.com'),(152603,'魏华','SIrpSub0dd','14745116683','天津市柳州市龙潭李路','1990-07-13','Book difficult knowledge policy whom.','女','天津市柳州市龙潭李路',0,'/images/headshots/152603.jpg','gwan@122.org'),(155019,'杜鑫','9vV9RnEBKK','15308661422','重庆市辽阳县高明郑州街','1998-02-08','Forget measure put program think run night.','男','重庆市辽阳县高明郑州街',1,'/images/headshots/155019.jpg','jiajun@bytes.org'),(156919,'test2','111111','19999999998',NULL,NULL,NULL,NULL,NULL,NULL,'./images/headshots/156919.jpg',NULL),(159810,'何玉梅','4cn1vt2jqg','18752119490','江西省娜县吉区纪路','2002-06-03','Animal perhaps by alone despite similar.','女','江西省娜县吉区纪路',1,'/images/headshots/159810.jpg','wangyan@bytes.com'),(162026,'朱芳','UhKabnakEp','14504121890','湖南省阳市梁平贾路','1996-09-25','Nothing past money within join possible.','女','湖南省阳市梁平贾路',1,'./images/headshots/162026.jpg','ping28@google.org'),(169560,'裴欢','wTIJN7Tf8W','13420580945','吉林省小红市南湖牛路','1991-07-04','Law result sport general hotel rather.','男','吉林省小红市南湖牛路',1,'./images/headshots/169560.jpg','weifan@qq.com'),(174670,'林涛','jMmP1U423P','15695803686','江苏省阳县西峰东莞路','2000-12-09','Measure use player later street plant.','男','江苏省阳县西峰东莞路',0,'./images/headshots/174670.jpg','xiulan89@qq.com'),(174687,'郭建华','a5K2QwQkpz','13365953083','贵州省潮州县魏都秦路','2001-01-26','Stock cover institution news.','女','贵州省潮州县魏都秦路',1,'./images/headshots/174687.jpg','xiulan52@163.org'),(175305,'林淑兰','0JkPZjRVDD','18960684078','青海省乌鲁木齐市锡山柳街','1994-06-26','Spend gun image door be industry religious.','男','青海省乌鲁木齐市锡山柳街',0,'./images/headshots/175305.jpg','qiangren@bytes.org'),(176343,'阎冬梅','MY0DOTLuDT','13580099936','香港特别行政区兴安盟县高港大冶路','1990-09-24','Professional today free not staff.','男','香港特别行政区兴安盟县高港大冶路',0,'./images/headshots/176343.jpg','vli@122.org'),(179532,'吴强','btB0WgvqDa','15784874679','陕西省齐齐哈尔县涪城刘路','1989-10-17','Along above method understand character say remain.','男','陕西省齐齐哈尔县涪城刘路',1,'./images/headshots/179532.jpg','sliu@qq.com'),(185574,'马涛','05smFkBDuU','13931813963','海南省强县静安张家港街','1992-06-02','Mother community college blood.','女','海南省强县静安张家港街',0,'/images/headshots/185574.jpg','qlong@facebook.com'),(189715,'刘建平','H8RWC50s0E','15161958214','陕西省斌市海港太原街','1988-08-28','Church responsibility fear establish owner drop few.','男','陕西省斌市海港太原街',1,'./images/headshots/189715.jpg','yongxiong@122.net'),(196472,'邱宇','4JQWB3devV','13902641138','新疆维吾尔自治区波市海港韩街','1995-01-05','Effect natural cover decide explain mind.','女','新疆维吾尔自治区波市海港韩街',0,'./images/headshots/196472.jpg','duanping@122.net'),(196668,'郭莹','3DzRGgJBbp','18506276737','福建省莉市吉区南宁街','1988-04-07','Design cut live half nation personal support impact.','女','福建省莉市吉区南宁街',0,'./images/headshots/196668.jpg','xiulan66@qq.org'),(208095,'金字塔2','e10adc3949ba59abbe56e057f20f883e','13645535617',NULL,NULL,NULL,NULL,NULL,NULL,NULL,NULL),(208117,'陈秀英','JtRlO7PADH','14580522399','甘肃省海门市平山张街','1990-04-02','Of our from operation actually once pick.','男','甘肃省海门市平山张街',1,'./images/headshots/208117.jpg','fuyan@facebook.com'),(210805,'王秀芳','OmxWUMDdPu','13435344353','江西省敏县高坪惠州街','1992-10-22','Entire avoid minute space will writer.','男','江西省敏县高坪惠州街',1,'./images/headshots/210805.jpg','taoxiuying@122.com'),(214159,'李文','vlifdTD2M3','15777266006','天津市石家庄县高港祝街','1997-08-09','Change cold service.','男','天津市石家庄县高港祝街',0,'/images/headshots/214159.jpg','juanqian@facebook.org'),(215226,'余帅','vSo52ME0T9','15658541160','江苏省杰市魏都南京街','1988-03-12','Career despite including affect who usually situation more.','男','江苏省杰市魏都南京街',0,'./images/headshots/215226.jpg','gwu@163.org'),(220287,'蔡建军','ZWbPaYZK1V','15018943191','陕西省莉县永川兴安盟街','2001-02-15','Project fill glass go good girl play.','女','陕西省莉县永川兴安盟街',0,'./images/headshots/220287.jpg','vlong@bytes.net'),(220737,'test1','123456','19999999999',NULL,NULL,NULL,NULL,NULL,NULL,NULL,NULL),(222018,'何明','rsfycJUQi7','15314299717','河北省海燕市安次海门路','2002-11-26','Cause memory born color.','女','河北省海燕市安次海门路',0,'./images/headshots/222018.jpg','xiuying03@google.org'),(223093,'周坤','PgLCckaLEk','15222673818','新疆维吾尔自治区雷县清河齐齐哈尔街','1993-12-20','Read recognize place himself instead.','女','新疆维吾尔自治区雷县清河齐齐哈尔街',1,'/images/headshots/223093.jpg','longxiulan@bytes.com'),(223300,'张岩','NIK4nkWueU','13721720682','澳门特别行政区兴安盟市闵行牛街','1991-11-21','Agreement American light drive minute work threat.','男','澳门特别行政区兴安盟市闵行牛街',0,'./images/headshots/223300.jpg','min20@facebook.net'),(224105,'杨军','szcvx6hdss','14737005005','宁夏回族自治区建华县六枝特冉路','1989-03-24','Debate walk kind live politics.','女','宁夏回族自治区建华县六枝特冉路',0,'/images/headshots/224105.jpg','bdu@google.org'),(226538,'周建国','OUuDWj0sBy','14562920215','宁夏回族自治区呼和浩特市南湖成街','1996-04-18','Administration never worry because realize range large.','女','宁夏回族自治区呼和浩特市南湖成街',0,'/images/headshots/226538.jpg','junliao@bytes.com'),(229933,'孙超','unvgtAx7Wa','18150232675','黑龙江省楠市上街周街','2000-12-03','Sport blue development exist site however.','女','黑龙江省楠市上街周街',0,'./images/headshots/229933.jpg','usun@google.com'),(230829,'王淑华','vofBw4rwlz','15516448989','湖北省帆县怀柔深圳街','1997-01-26','Practice thousand style finish strong similar record small.','男','湖北省帆县怀柔深圳街',1,'./images/headshots/230829.jpg','xiulanliao@122.net'),(233067,'文军','rjtZzSvTJh','13318623873','山西省平市安次张路','1998-12-02','Opportunity class media popular chair child step.','女','山西省平市安次张路',1,'./images/headshots/233067.jpg','qiaomin@bytes.net'),(233888,'马丽华','HcyR9EL2L4','15044201916','青海省马鞍山市花溪乌鲁木齐街','1990-11-03','Ok cell only strong number manager almost.','男','青海省马鞍山市花溪乌鲁木齐街',1,'/images/headshots/233888.jpg','lisun@bytes.org'),(242194,'柴军','dOdtciufJy','18677775281','天津市梧州市华龙蒋街','1995-04-09','Kid item close adult bad down religious tree.','男','天津市梧州市华龙蒋街',0,'/images/headshots/242194.jpg','jie46@163.net'),(242610,'张辉','2IHrNpEEDn','13775835721','台湾省璐市房山天津街','1992-05-05','Maintain whether management arm that black.','女','台湾省璐市房山天津街',1,'/images/headshots/242610.jpg','mochao@bytes.org'),(246336,'郁岩','sg5iH319nB','18712101699','黑龙江省荣市华龙张街','1999-01-16','Week walk physical.','男','黑龙江省荣市华龙张街',0,'./images/headshots/246336.jpg','leikong@122.com'),(247244,'朱楠','UwWtZBw8WW','15320577186','河北省马鞍山县南溪施路','2002-12-29','Resource fish suggest certain ahead.','男','河北省马鞍山县南溪施路',1,'./images/headshots/247244.jpg','jun15@facebook.net'),(253383,'吕桂珍','BaaDeSyiA1','14789992094','安徽省婷婷县魏都北京街','1987-11-30','Treatment coach education walk.','男','安徽省婷婷县魏都北京街',1,'/images/headshots/253383.jpg','lijiang@qq.net'),(257905,'范婷婷','OQzh5PJDz2','15159180524','安徽省小红市南长兴安盟街','2002-03-24','Media wait interest let action poor account.','女','安徽省小红市南长兴安盟街',1,'./images/headshots/257905.jpg','tlai@facebook.com'),(259867,'赵淑珍','rUBeU7BrPS','13568524263','山东省呼和浩特县安次上海路','1994-11-12','Finish heart dinner between real million.','女','山东省呼和浩特县安次上海路',1,'/images/headshots/259867.jpg','xyao@facebook.org'),(260207,'李静','jFXmHov6sV','18588170644','福建省上海县沈北新贵阳路','1996-08-03','Report her stuff sport add.','男','福建省上海县沈北新贵阳路',1,'/images/headshots/260207.jpg','chao50@163.net'),(268351,'袁建平','GDVgvogimV','18642535788','河北省邯郸市清河周路','1994-08-23','Policy small successful community entire.','男','河北省邯郸市清河周路',0,'./images/headshots/268351.jpg','mxie@122.net'),(268555,'吕东','ZHVgcwYiMu','13900597625','台湾省上海市长寿刘路','1994-05-20','Cultural see statement send.','男','台湾省上海市长寿刘路',1,'/images/headshots/268555.jpg','qiangfeng@facebook.com'),(278329,'李晶','RIly3R1Trb','13039021842','云南省郑州市永川陈路','1998-05-30','Upon performance reflect Mr.','女','云南省郑州市永川陈路',0,'./images/headshots/278329.jpg','juan92@122.net'),(280856,'陈秀芳','FiCfvvNx6c','14795691597','江苏省惠州市怀柔汕尾路','1987-11-24','Time difference this computer firm.','男','江苏省惠州市怀柔汕尾路',1,'./images/headshots/280856.jpg','nafeng@122.net'),(281544,'hxkkkk','hxk','13215582038',NULL,NULL,NULL,NULL,NULL,NULL,NULL,NULL),(282055,'徐桂香','IHBdqyBevu','13226789400','香港特别行政区瑞县沈北新昆明街','1993-03-02','Development then major manage federal.','女','香港特别行政区瑞县沈北新昆明街',0,'/images/headshots/282055.jpg','tao18@bytes.org'),(282496,'christy','e10adc3949ba59abbe56e057f20f883e','13645535615',NULL,NULL,NULL,NULL,NULL,NULL,NULL,NULL),(287637,'娄玲','wreYsrHIeq','18987052916','上海市南昌县南湖成都路','2002-11-24','Middle industry every professor director.','男','上海市南昌县南湖成都路',1,'./images/headshots/287637.jpg','dzhong@qq.org'),(288406,'李帅','hiz4hPgb7D','13454246914','河南省柳市西夏汪路','1992-10-07','Party these human go building prepare property beautiful.','女','河南省柳市西夏汪路',1,'./images/headshots/288406.jpg','xiuying48@163.org'),(291519,'罗成','pec1tHaYt3','13911685478','浙江省霞县花溪李街','2002-12-13','Move number practice local good summer.','男','浙江省霞县花溪李街',0,'/images/headshots/291519.jpg','weiqiu@bytes.com'),(295648,'潘婷','6I71PREaMY','13843084633','江西省倩县大东张路','1989-04-04','Mrs usually tough take there inside special.','男','江西省倩县大东张路',0,'./images/headshots/295648.jpg','fdai@facebook.com'),(296039,'吴飞','1gsXyx7XrN','13800812786','山东省东莞市萧山六安路','1996-11-08','Although young happen career doctor table single.','男','山东省东莞市萧山六安路',0,'./images/headshots/296039.jpg','wei71@122.com'),(297170,'唐芳','E0bzGv9kBA','18117883472','云南省东县平山张家港路','1998-04-12','Who what add catch.','男','云南省东县平山张家港路',0,'./images/headshots/297170.jpg','fang92@qq.org'),(298285,'杨丽娟','bnMJlmQrmo','18150319080','河北省郑州县城东荆门街','1993-11-10','Design bring race Democrat phone size.','女','河北省郑州县城东荆门街',1,'./images/headshots/298285.jpg','wenjie@facebook.com'),(301395,'熊想','X0ndzIjkjy','14573380457','福建省银川市友好郑街','2000-09-20','Determine stage adult mind by member.','男','福建省银川市友好郑街',1,'./images/headshots/301395.jpg','dingjing@122.net'),(305752,'袁亮','yvuuSHwu9m','15980661667','天津市晶县崇文刘路','2002-06-05','Coach far present various.','女','天津市晶县崇文刘路',0,'./images/headshots/305752.jpg','mingchen@bytes.net'),(305951,'张岩','zmF0IwYyi6','15846599469','云南省永安市清浦方路','2000-07-30','College hard personal either pull hard which.','女','云南省永安市清浦方路',0,'/images/headshots/305951.jpg','xiulanjia@facebook.net'),(307277,'刘亮','6kbeuYASGk','13328480196','辽宁省想县黄浦邯郸路','1988-07-09','High authority truth beyond.','男','辽宁省想县黄浦邯郸路',1,'/images/headshots/307277.jpg','chaolu@bytes.net'),(308023,'谢明','deIe3AqboD','14524694205','澳门特别行政区惠州市清城嘉禾路','1987-06-15','Year represent left adult over mouth off executive.','男','澳门特别行政区惠州市清城嘉禾路',1,'./images/headshots/308023.jpg','yxue@122.com'),(309322,'孙燕','XeWmZu520y','13676257298','湖南省军县高明东莞路','1995-08-31','With week raise though have however security town.','男','湖南省军县高明东莞路',1,'/images/headshots/309322.jpg','na03@qq.org'),(310074,'李东','uC3DGiYTUU','18104732892','北京市马鞍山县大东长春路','1994-11-14','Cell but check.','女','北京市马鞍山县大东长春路',1,'./images/headshots/310074.jpg','ming88@google.net'),(310782,'滕晨','04BjpeGAic','13010917854','四川省宜都市怀柔郭路','1996-11-19','Until late sell same reflect play management.','女','四川省宜都市怀柔郭路',1,'./images/headshots/310782.jpg','mingren@google.net'),(311633,'苏淑华','8rgA6H73mJ','13638381530','湖南省敏市城东李街','1992-04-04','Sell sure white so hear act natural.','男','湖南省敏市城东李街',0,'./images/headshots/311633.jpg','ehou@bytes.net'),(314525,'史畅','k5JdKgNXcE','15998646889','云南省飞市大兴惠州街','1991-11-12','Thought south leave option side would.','女','云南省飞市大兴惠州街',1,'./images/headshots/314525.jpg','mengxiuying@bytes.org'),(318851,'韩丹','DUuiSrBJCX','18190990641','江西省平市海港淮安街','1994-08-02','Personal writer moment.','女','江西省平市海港淮安街',1,'./images/headshots/318851.jpg','yuanwei@google.net'),(320369,'韦明','AjjmaxBnzT','15676584685','新疆维吾尔自治区秀梅市和平朱路','2002-07-29','Laugh force within degree very option thus mouth.','女','新疆维吾尔自治区秀梅市和平朱路',1,'/images/headshots/320369.jpg','wangjuan@bytes.org'),(321231,'米鑫','jIuE28vzyI','13841998582','福建省福州市沈河张路','2000-06-09','Attention senior race send thing do every.','女','福建省福州市沈河张路',0,'./images/headshots/321231.jpg','shijing@163.org'),(321839,'郑桂英','y1lJWisCfd','14746409769','河北省小红县西峰夏路','2001-03-09','Travel close back prepare cut several suddenly.','男','河北省小红县西峰夏路',1,'/images/headshots/321839.jpg','leiyang@qq.org'),(322904,'齐萍','iglmloQwCk','15509596452','甘肃省六盘水县上街贵阳街','1988-04-01','Charge return half value what.','男','甘肃省六盘水县上街贵阳街',1,'/images/headshots/322904.jpg','leikong@122.org'),(325840,'杜宁','jP0nJhrDvt','15699206383','台湾省婷婷市魏都太原路','1992-08-05','Question public hand.','女','台湾省婷婷市魏都太原路',1,'./images/headshots/325840.jpg','qiang06@google.net'),(326024,'杨丽','mLJzDnEX4E','13613470046','福建省丹市长寿刘路','1988-12-16','Listen opportunity century system throughout view man.','女','福建省丹市长寿刘路',1,'./images/headshots/326024.jpg','jinxiuying@qq.com'),(329506,'李华','waV6Xnlxm9','18194584892','浙江省俊县永川海门街','1992-04-26','Somebody garden generation fear.','男','浙江省俊县永川海门街',1,'/images/headshots/329506.jpg','fangmeng@bytes.com'),(330969,'孟莹','dtixJKhmSd','14791785640','湖南省兴安盟县西峰李路','1987-07-28','Miss night space member expert summer cup.','女','湖南省兴安盟县西峰李路',0,'/images/headshots/330969.jpg','yangjun@bytes.net'),(331945,'宗红梅','24ikeznZ1t','14596055519','河北省武汉市门头沟东莞街','1994-05-06','Hospital medical and control contain before read.','女','河北省武汉市门头沟东莞街',0,'./images/headshots/331945.jpg','pantao@qq.org'),(332741,'陈彬','ZbECAcQPoZ','18826294884','贵州省太原县海陵佛山街','1998-01-24','Person including today her class.','女','贵州省太原县海陵佛山街',0,'/images/headshots/332741.jpg','xiatan@163.com'),(335303,'丁宁','n67a71bZjy','13319448331','河南省沈阳市西峰张路','1997-09-27','Call and together cultural form plan.','男','河南省沈阳市西峰张路',0,'/images/headshots/335303.jpg','hxiang@google.com'),(340215,'周俊','zGVzHqaJmb','13450915229','湖南省沈阳市浔阳黄街','2000-05-20','Lay we black data PM make baby.','女','湖南省沈阳市浔阳黄街',0,'/images/headshots/340215.jpg','xiana@qq.org'),(340860,'杨桂芝','Eo9OMHEzhi','15277946070','安徽省武汉市友好张家港街','1988-12-27','Partner sort face future rich.','女','安徽省武汉市友好张家港街',0,'./images/headshots/340860.jpg','xiulan96@google.com'),(342225,'高俊','0hevxyk9sF','18690889326','海南省旭县南湖昆明街','2002-02-24','Government clear level.','女','海南省旭县南湖昆明街',1,'./images/headshots/342225.jpg','dtan@google.com'),(350534,'李海燕','8YsptaQ3zg','13692691298','福建省六盘水市上街卢路','1997-09-09','Case local activity base room peace back value.','女','福建省六盘水市上街卢路',1,'./images/headshots/350534.jpg','yifang@163.net'),(353479,'林秀珍','feyC9NNxTO','18513933519','湖北省飞市六枝特台北街','1990-02-15','Require attention any must treat teach.','男','湖北省飞市六枝特台北街',0,'./images/headshots/353479.jpg','ping76@122.org'),(354265,'郝鑫','NQMzs4ehoJ','13959559055','云南省沈阳县清浦昆明街','1996-06-21','Family score fast nice later.','女','云南省沈阳县清浦昆明街',1,'./images/headshots/354265.jpg','yong73@122.com'),(355239,'JxxxRrrr','123456','13645535618','安徽','2023-03-13','原来如此','女','芜湖',NULL,'./images/headshots/355239.jpg','123456@qq.com'),(355437,'杨博','7DnhPuGnUP','13919307964','甘肃省沈阳县翔安冉街','1989-08-17','Within perhaps follow administration few.','男','甘肃省沈阳县翔安冉街',0,'./images/headshots/355437.jpg','sufang@122.com'),(359049,'李凯','qGZRwfUqXh','14563596668','天津市桂芳市锡山福州路','2002-12-03','Manage huge claim understand threat kind.','男','天津市桂芳市锡山福州路',1,'/images/headshots/359049.jpg','juan29@bytes.org'),(360410,'钟婷','C23976FX9w','18000026204','台湾省梧州市合川邢街','1996-07-28','Price glass together six keep method himself.','女','台湾省梧州市合川邢街',0,'/images/headshots/360410.jpg','jing31@google.net'),(360550,'刘静','ZXQgO1wvAD','13894025866','辽宁省海门县金平石家庄街','1999-11-03','Power service much worry eight.','男','辽宁省海门县金平石家庄街',1,'./images/headshots/360550.jpg','xiuyingsu@122.com'),(361416,'包飞','giH5NTJeKe','15510163035','天津市六安县高坪嘉禾街','1995-09-13','Write event safe experience condition.','男','天津市六安县高坪嘉禾街',1,'./images/headshots/361416.jpg','fxue@163.net'),(369820,'王桂花','pTDTsjdYww','18723592739','湖北省琴市萧山北京街','2000-05-28','Stay majority town conference.','女','湖北省琴市萧山北京街',1,'/images/headshots/369820.jpg','tao59@163.net'),(374475,'杨秀英','R163R10l4e','18736735975','上海市畅市六枝特乌鲁木齐街','1990-10-04','Even effort will describe.','男','上海市畅市六枝特乌鲁木齐街',0,'/images/headshots/374475.jpg','qintao@122.com'),(376452,'谢婷婷','RKwn7IoLlx','15501307572','宁夏回族自治区桂英市孝南淮安街','1999-05-02','Meet maintain under energy view.','男','宁夏回族自治区桂英市孝南淮安街',1,'./images/headshots/376452.jpg','xiulanzhao@122.net'),(385101,'余浩','Rn9SI1MVvC','15676568540','安徽省海口市华龙王街','1991-11-17','Account much mother design participant investment voice.','女','安徽省海口市华龙王街',0,'./images/headshots/385101.jpg','yong88@bytes.com'),(389327,'孙楠','XNEWW6XVXO','13825990638','山西省兰州市浔阳长沙路','1998-10-26','Discuss interview blood month accept building maybe.','女','山西省兰州市浔阳长沙路',1,'./images/headshots/389327.jpg','xmao@122.net'),(390568,'李丽华','6YpbxYbEFc','14750469185','台湾省香港市蓟州拉萨路','1994-08-11','Product everything some management rise.','女','台湾省香港市蓟州拉萨路',0,'./images/headshots/390568.jpg','taocheng@qq.org'),(397153,'穆丽丽','uprZBk2WYN','13736955340','辽宁省莉县长寿郑州路','2000-11-26','Friend history its other mother look.','男','辽宁省莉县长寿郑州路',1,'/images/headshots/397153.jpg','li30@qq.org'),(399326,'陈霞','7X9RjxNy8r','13490321878','海南省春梅县魏都杨路','1995-07-23','Little forward serve simple prove.','女','海南省春梅县魏都杨路',1,'./images/headshots/399326.jpg','ogu@qq.org'),(403414,'刘萍','oANFmaJYen','13086699865','天津市春梅县南溪重庆街','2002-05-23','Style career ability fine too employee.','男','天津市春梅县南溪重庆街',1,'./images/headshots/403414.jpg','ehu@qq.net'),(405856,'陈文','Dtm3GSJOUE','14747347204','江苏省东莞市友好深圳街','1994-08-27','Outside return back central quickly.','女','江苏省东莞市友好深圳街',0,'./images/headshots/405856.jpg','lei05@google.net'),(406855,'许英','Pzbbz4znvl','15750193086','湖北省沈阳县璧山韩路','1992-12-13','Watch mean month law wide television admit boy.','女','湖北省沈阳县璧山韩路',1,'./images/headshots/406855.jpg','xiaxiulan@qq.net'),(408025,'朱晨','pPJopmGlOp','15210796348','广西壮族自治区浩市高明张街','1996-07-31','Figure story enough goal very every.','女','广西壮族自治区浩市高明张街',1,'./images/headshots/408025.jpg','minhu@122.com'),(412674,'葛桂芝','XDjSmSxfuo','15048146090','山西省阳县南长丁街','1990-12-20','Focus while to water third ok clearly.','男','山西省阳县南长丁街',0,'./images/headshots/412674.jpg','iliu@google.net'),(415383,'马璐','mwTXwQrvQe','14583879260','澳门特别行政区合肥市璧山邯郸街','1999-07-08','Billion wish major little work.','男','澳门特别行政区合肥市璧山邯郸街',0,'/images/headshots/415383.jpg','yanchao@122.net'),(419527,'王平','PGTTjxtDQu','13269293807','山东省呼和浩特市黄浦张街','1993-01-07','Minute front property no.','男','山东省呼和浩特市黄浦张街',1,'./images/headshots/419527.jpg','ksong@qq.org'),(427465,'熊平','AWPEHF3jhZ','14535930055','山西省兴城市合川罗路','1995-01-21','State act true position control first.','女','山西省兴城市合川罗路',0,'/images/headshots/427465.jpg','tao59@bytes.com'),(428107,'孟秀华','hVrJzkGnyD','13786672018','浙江省浩市东城潜江路','2003-01-13','Share response east once fall sea let.','男','浙江省浩市东城潜江路',0,'/images/headshots/428107.jpg','tdeng@facebook.com'),(429959,'惠超','erTRvuHBdb','18035708225','甘肃省敏市龙潭徐街','1992-10-20','Interesting real finish by.','女','甘肃省敏市龙潭徐街',0,'./images/headshots/429959.jpg','xzeng@163.net'),(431831,'程秀云','wq5faGBOzC','13868115592','辽宁省东县海港关岭路','1991-03-18','Everyone beautiful mouth respond house close sing.','男','辽宁省东县海港关岭路',1,'/images/headshots/431831.jpg','daina@122.net'),(433024,'冯勇','zr0KzDWJCx','13677299906','辽宁省银川市长寿东莞路','1987-09-10','Task hospital recent truth number.','男','辽宁省银川市长寿东莞路',0,'./images/headshots/433024.jpg','jie08@122.net'),(437584,'华玉兰','KgNtU4ATyX','18038012583','香港特别行政区小红市淄川彭路','1991-03-19','Onto information push picture sense.','男','香港特别行政区小红市淄川彭路',1,'./images/headshots/437584.jpg','zfeng@google.com'),(441634,'李雷','12roG3xO6T','18602090820','安徽省邯郸县秀英李路','1995-12-21','Century phone decade teacher.','女','安徽省邯郸县秀英李路',0,'./images/headshots/441634.jpg','dqiao@122.com'),(443876,'高丹丹','Q6eH1M8Krp','13530779219','宁夏回族自治区福州县新城梧州街','1989-05-04','Institution agreement similar indicate test hit special open.','女','宁夏回族自治区福州县新城梧州街',0,'./images/headshots/443876.jpg','bjia@122.com'),(447073,'曹玉华','IcBvwKfwWo','18615016565','安徽省春梅县南长荆门街','1991-01-05','Citizen spring scene international so memory.','女','安徽省春梅县南长荆门街',1,'./images/headshots/447073.jpg','duyan@163.org'),(450868,'俞桂花','obLtncEERG','18690437079','河北省北镇市锡山贵阳街','2001-07-07','Middle despite art more coach thousand.','男','河北省北镇市锡山贵阳街',0,'/images/headshots/450868.jpg','qma@122.net'),(452819,'胡旭','1Fdxg4x8Tv','13855941303','新疆维吾尔自治区成县锡山赵街','1992-04-19','American group PM arm suddenly social no.','男','新疆维吾尔自治区成县锡山赵街',0,'./images/headshots/452819.jpg','pfan@facebook.com'),(455296,'杨秀荣','J82r41j2WH','15916130223','江苏省贵阳县璧山台北路','1995-06-08','Assume development simple while all.','男','江苏省贵阳县璧山台北路',1,'./images/headshots/455296.jpg','jiewan@163.net'),(458787,'靳明','dOsvVdrIL2','13953731594','云南省南宁市滨城张街','1994-05-17','Wall leave analysis listen coach job yes myself.','女','云南省南宁市滨城张街',0,'./images/headshots/458787.jpg','hcao@bytes.org'),(459985,'孙秀兰','QNpLVZjEKi','15314185186','湖北省台北市怀柔孔街','1994-10-18','In address family.','女','湖北省台北市怀柔孔街',0,'/images/headshots/459985.jpg','fmo@google.net'),(460788,'傅超','ulHiVLBmhp','18091319781','安徽省桂兰市大兴拉萨路','1990-07-28','Debate really radio week major.','男','安徽省桂兰市大兴拉萨路',1,'/images/headshots/460788.jpg','taoxia@qq.org'),(461750,'王岩','XIsKex3kje','13707195958','甘肃省娜市南长佟街','1994-05-23','Able all recognize seat whether news maybe.','男','甘肃省娜市南长佟街',1,'/images/headshots/461750.jpg','udai@google.net'),(468606,'罗莉','GQNuXXBEnl','18207588517','甘肃省澳门县高坪曹街','1997-04-16','Town you I image shake machine Congress.','男','甘肃省澳门县高坪曹街',0,'./images/headshots/468606.jpg','qiuyang@163.net'),(471904,'袁荣','2fILOBKaTy','18090172162','新疆维吾尔自治区丹市锡山黄街','1994-06-11','Wish end teach catch television around commercial.','女','新疆维吾尔自治区丹市锡山黄街',0,'/images/headshots/471904.jpg','wgao@facebook.net'),(473159,'张玉华','DpQwprZzsv','13222573551','江西省桂英市新城台北路','1996-03-25','Each long call.','男','江西省桂英市新城台北路',1,'./images/headshots/473159.jpg','jingding@bytes.org'),(475301,'黄建平','N9MfDpF2Yy','15720512732','重庆市合山市普陀六盘水街','1996-02-15','House stop under believe traditional spring.','女','重庆市合山市普陀六盘水街',1,'/images/headshots/475301.jpg','jinli@163.net'),(480758,'李强','cRipQQmGCk','15250229472','广东省台北县永川蔡路','1996-01-13','Wear performance maybe.','男','广东省台北县永川蔡路',0,'/images/headshots/480758.jpg','gongjie@facebook.net'),(494490,'金字塔3','e10adc3949ba59abbe56e057f20f883e','13645535616',NULL,NULL,NULL,NULL,NULL,NULL,NULL,NULL),(498357,'宁秀兰','AvAW8K92Cr','15072442184','安徽省汕尾市新城卢街','1995-09-18','Campaign little have.','男','安徽省汕尾市新城卢街',0,'./images/headshots/498357.jpg','pingtian@google.com'),(498563,'成金凤','nqM86cawF7','15005845278','湖南省南昌市友好张街','1997-05-11','If analysis face personal government central some.','女','湖南省南昌市友好张街',1,'./images/headshots/498563.jpg','yong65@facebook.net'),(499801,'温峰','F0MogzK0CN','18048884870','香港特别行政区阜新市白云徐路','1992-09-28','State early well shoulder picture edge free happen.','女','香港特别行政区阜新市白云徐路',0,'./images/headshots/499801.jpg','taomin@google.com'),(501017,'谢明','4czfNZmM9b','15291433187','湖北省南宁市长寿海门路','2001-05-23','Medical off claim.','男','湖北省南宁市长寿海门路',0,'./images/headshots/501017.jpg','minkang@google.com'),(501603,'test3','123456','19999999997',NULL,NULL,NULL,NULL,NULL,NULL,NULL,NULL),(502733,'test5','e10adc3949ba59abbe56e057f20f883e','19999999995',NULL,NULL,NULL,NULL,NULL,NULL,NULL,NULL),(504144,'胡杰','h5xKzvich0','15641062467','四川省沈阳市大东佛山街','1996-01-16','At security down management reveal close employee family.','男','四川省沈阳市大东佛山街',1,'./images/headshots/504144.jpg','cchen@bytes.org'),(506536,'史红','LlGFRUhDiG','15888811021','福建省澳门市普陀巢湖街','1991-02-01','Your line four after hotel.','女','福建省澳门市普陀巢湖街',0,'./images/headshots/506536.jpg','yan29@163.com'),(508344,'张海燕','GSKoIAcUOd','18235535202','江苏省洋市梁平石家庄路','1994-03-09','Stop call station over different bring respond.','女','江苏省洋市梁平石家庄路',0,'./images/headshots/508344.jpg','xiuying73@qq.com'),(508973,'何楠','1yTw1wNfAw','18874482675','四川省桂香县高坪沈阳路','1998-10-02','Memory through end key dinner student toward.','男','四川省桂香县高坪沈阳路',1,'./images/headshots/508973.jpg','adai@qq.com'),(513914,'周桂珍','mxsNwAYDft','13967325608','黑龙江省颖县龙潭石家庄路','1987-12-31','Beyond behind above glass.','男','黑龙江省颖县龙潭石家庄路',0,'/images/headshots/513914.jpg','hexiuying@google.org'),(515325,'李洁','KMcvvCbBLb','15748932321','北京市志强县白云邯郸路','1990-02-09','Traditional reality population free require hair.','女','北京市志强县白云邯郸路',1,'./images/headshots/515325.jpg','lei44@122.net'),(517950,'陈健','lCdZtsD7ff','13572957513','青海省乌鲁木齐市萧山南京路','1991-07-24','Probably dog may the word nation information.','男','青海省乌鲁木齐市萧山南京路',1,'./images/headshots/517950.jpg','yang91@facebook.com'),(520626,'曹旭','u4MyyzZBVB','13825777410','天津市南京市怀柔祝路','1998-12-25','Room agree still participant produce report weight.','男','天津市南京市怀柔祝路',1,'./images/headshots/520626.jpg','min85@qq.com'),(520665,'吴磊','Lh2CJs6BoQ','15991924412','浙江省鑫县永川马街','1999-04-06','Onto treatment air sport sense window.','男','浙江省鑫县永川马街',1,'./images/headshots/520665.jpg','odong@google.org'),(523413,'贺梅','zZQF0ZSD4a','14702999919','重庆市晨市新城阜新街','1991-04-03','Check lay seem wind between painting.','男','重庆市晨市新城阜新街',0,'./images/headshots/523413.jpg','ping34@google.com'),(534646,'test4','e10adc3949ba59abbe56e057f20f883e','19999999996',NULL,NULL,NULL,NULL,NULL,NULL,NULL,NULL),(534723,'徐霞','SYsTC7g6nE','15719213704','内蒙古自治区秀梅市合川永安路','1987-04-18','Them key discover name produce painting have both.','女','内蒙古自治区秀梅市合川永安路',1,'./images/headshots/534723.jpg','jun84@facebook.com'),(535244,'郭想','58c4A6OMqU','15628228487','香港特别行政区燕市大东合山街','1998-11-29','Late wish risk focus product.','女','香港特别行政区燕市大东合山街',0,'./images/headshots/535244.jpg','oduan@163.com'),(540461,'郑瑞','Ea7FhK91tA','18931134605','广东省济南市魏都林街','1988-05-14','Claim wife agency far card director also.','女','广东省济南市魏都林街',1,'./images/headshots/540461.jpg','xia83@google.net'),(551899,'刘芳','55cbTJHYpe','18676382995','江西省石家庄县大东庞路','1998-11-29','Picture nature result though.','女','江西省石家庄县大东庞路',0,'./images/headshots/551899.jpg','xia78@bytes.com'),(558280,'彭龙','tKPyAzf5e6','13579998780','内蒙古自治区小红县南溪李街','1992-06-17','Form use over campaign.','女','内蒙古自治区小红县南溪李街',1,'/images/headshots/558280.jpg','wei03@facebook.com'),(558820,'吴雷','RxBczx5hyu','18115183414','青海省晨县友好张街','1996-08-06','Office scientist only ask pressure generation.','男','青海省晨县友好张街',1,'./images/headshots/558820.jpg','pingtao@163.com'),(559924,'刘军','hxRp0iFYZo','18920500933','广东省通辽县沙湾叶路','2001-06-20','They yourself establish campaign large international.','女','广东省通辽县沙湾叶路',1,'./images/headshots/559924.jpg','fugang@qq.com'),(562245,'黄英','QBrFXH7RNk','13897829716','福建省佛山市清浦张街','2001-11-24','Know sea campaign read year.','女','福建省佛山市清浦张街',0,'./images/headshots/562245.jpg','wcheng@google.com'),(568232,'谢海燕','HwfZYmdzf1','13460438884','福建省贵阳县上街奉路','2002-01-07','Chair exactly over action quality something gas.','女','福建省贵阳县上街奉路',0,'/images/headshots/568232.jpg','changguiying@facebook.net'),(570182,'任丽','Qqjkld9UV8','13123305085','四川省兰英市沈北新熊路','1996-02-13','Free rather agreement.','女','四川省兰英市沈北新熊路',0,'./images/headshots/570182.jpg','rwen@122.net'),(570212,'林佳','V63vRAZuGI','15873709175','江苏省北镇县萧山兰州路','1994-11-19','Heavy clearly start show business might medical.','女','江苏省北镇县萧山兰州路',0,'./images/headshots/570212.jpg','fangyao@163.org'),(571685,'金玲','AauYNXKp7g','14545609260','黑龙江省丽市蓟州刘街','2000-01-10','Mean popular behind at network generation trip worker.','女','黑龙江省丽市蓟州刘街',0,'./images/headshots/571685.jpg','wei93@163.net'),(581567,'陈秀梅','066QSXO6y7','15123581540','甘肃省凤英县安次天津路','1990-10-17','Remain vote yard wait hope realize.','男','甘肃省凤英县安次天津路',0,'./images/headshots/581567.jpg','vdong@google.com'),(587251,'曾鑫','VQf3gZ64Jk','18746319131','北京市丽娟市静安夏路','1988-03-10','Recently put need involve.','女','北京市丽娟市静安夏路',1,'./images/headshots/587251.jpg','taotian@122.org'),(589626,'杨芳','iqXGivLOSM','15694426316','香港特别行政区凤兰市海陵郭路','1993-09-13','Stock serve notice serve within strategy significant.','女','香港特别行政区凤兰市海陵郭路',0,'./images/headshots/589626.jpg','jun99@bytes.com'),(590854,'曹桂芳','1I9SF0kZrf','15846492396','内蒙古自治区雷市清城东莞路','1995-05-25','Industry you us above entire.','男','内蒙古自治区雷市清城东莞路',1,'./images/headshots/590854.jpg','jie24@facebook.net'),(592851,'梁燕','icntX7qtFL','13740487595','澳门特别行政区辛集县普陀成都街','2001-09-17','Moment law main year white.','男','澳门特别行政区辛集县普陀成都街',1,'/images/headshots/592851.jpg','zhongtao@facebook.org'),(595359,'李峰','RPkCnwFgTo','13858119915','重庆市武汉市静安太原街','1994-10-31','Participant rise stand meet.','男','重庆市武汉市静安太原街',1,'./images/headshots/595359.jpg','gangtan@google.net'),(598253,'杨玉','OXmo5fxjbF','18666592657','四川省玉兰县怀柔邱路','1996-04-18','Exist identify medical work eight.','男','四川省玉兰县怀柔邱路',1,'/images/headshots/598253.jpg','qxu@google.com'),(604487,'周颖','MtGGQgeILS','18615513926','吉林省贵阳市普陀郑州街','1989-01-31','Similar teacher above maybe get.','女','吉林省贵阳市普陀郑州街',0,'./images/headshots/604487.jpg','jiayang@163.org'),(611665,'童荣','TluUGvSbkE','18819718279','江西省潜江市清河海门路','1987-03-26','School possible wonder help.','男','江西省潜江市清河海门路',0,'./images/headshots/611665.jpg','xiulanfu@163.com'),(611697,'刘海燕','QG64Pv4hyx','13711970655','河南省济南市城北嘉禾街','2002-03-15','Second successful tree yard office color.','女','河南省济南市城北嘉禾街',1,'/images/headshots/611697.jpg','dzhao@google.com'),(612547,'赵想','PRr2xpNua9','15076504550','新疆维吾尔自治区宁德县高明臧路','1987-10-30','Whose within against order.','男','新疆维吾尔自治区宁德县高明臧路',0,'/images/headshots/612547.jpg','junyin@163.org'),(612950,'赵金凤','Tm4SlE0FXP','18937348152','澳门特别行政区呼和浩特市海港南昌路','1987-11-17','Green night particular discussion modern wait.','女','澳门特别行政区呼和浩特市海港南昌路',0,'./images/headshots/612950.jpg','luqiang@google.net'),(620877,'hxkk','hxk','13215582036',NULL,NULL,NULL,NULL,NULL,NULL,NULL,NULL),(624350,'王鹏','eFcaM3TdXC','15746687574','台湾省伟市兴山六盘水街','1987-08-08','Customer still already expect.','男','台湾省伟市兴山六盘水街',0,'/images/headshots/624350.jpg','guiying91@122.com'),(625003,'何坤','dOzhwJW6SN','18680785920','西藏自治区张家港县双滦澳门街','2000-04-03','Street once always term organization fine.','男','西藏自治区张家港县双滦澳门街',0,'/images/headshots/625003.jpg','qiangqin@qq.net'),(626069,'傅帅','sfd5raeYyc','18892184441','天津市婷婷县花溪郭路','1988-12-02','Late water nice would during meet director.','女','天津市婷婷县花溪郭路',1,'./images/headshots/626069.jpg','otang@163.com'),(627692,'王军','0t0qduamcB','15077651870','河南省惠州市长寿金路','1994-12-30','Information eye research president take indeed.','女','河南省惠州市长寿金路',1,'./images/headshots/627692.jpg','jiangjuan@qq.net'),(629090,'李欣','ueYxh71Ur7','13232058221','海南省萍市大东杨路','1995-07-08','Impact detail movie few why executive.','男','海南省萍市大东杨路',1,'/images/headshots/629090.jpg','yangxue@qq.net'),(634524,'敖超','yJaPGDeJrj','14721763003','福建省龙市安次天津路','1987-10-23','Cause even always clear land American up.','女','福建省龙市安次天津路',0,'./images/headshots/634524.jpg','baiyong@facebook.net'),(635998,'lee','e10adc3949ba59abbe56e057f20f883e','17365691822',NULL,NULL,NULL,NULL,NULL,NULL,NULL,NULL),(637654,'陈丹','3nB0g60mNW','14596255066','辽宁省六盘水县清河张路','1991-05-12','Mother decision law account research wife still.','女','辽宁省六盘水县清河张路',1,'./images/headshots/637654.jpg','vliu@163.net'),(639283,'黄晶','w3QpEr3Tf0','13614343959','安徽省晨市大兴兰州路','1995-08-21','Seven prepare hope short traditional Republican able.','男','安徽省晨市大兴兰州路',0,'/images/headshots/639283.jpg','qiang68@bytes.org'),(639465,'史丽娟','KgvwpmmBFa','15538262400','山东省辽阳县城东黄路','1991-09-03','Doctor industry bank treatment large strong either.','女','山东省辽阳县城东黄路',0,'/images/headshots/639465.jpg','lyan@qq.net'),(641809,'孙明','SjXlbtDuPm','15839356083','浙江省芳市秀英许街','2001-02-04','Would ok number modern between perform surface.','男','浙江省芳市秀英许街',0,'./images/headshots/641809.jpg','shaoyan@qq.org'),(643429,'贾璐','NQRrXz8A1Q','15964243009','四川省成县清城尚街','1997-08-13','Set include less situation place.','男','四川省成县清城尚街',0,'/images/headshots/643429.jpg','ixu@google.net'),(650160,'康雷','sVHfW7iqLw','13123660721','吉林省洁县浔阳王路','1992-06-12','According go difference exist like parent.','女','吉林省洁县浔阳王路',1,'/images/headshots/650160.jpg','guiyingzheng@bytes.com'),(651958,'王柳','oODa8r14zT','15019340687','贵州省惠州市永川陈路','1999-07-05','Hard line room church able section scene north.','男','贵州省惠州市永川陈路',1,'/images/headshots/651958.jpg','iqiu@122.com'),(653519,'吴秀珍','KDUoi1ucHo','18835380887','辽宁省北京县东丽深圳街','1988-07-09','Sell chance wrong husband budget long.','女','辽宁省北京县东丽深圳街',1,'./images/headshots/653519.jpg','ming67@qq.org'),(659277,'赵丽娟','E1Nip8fOmv','13299962228','广东省金凤县清浦合肥街','1999-12-18','Western require important rate method.','男','广东省金凤县清浦合肥街',1,'./images/headshots/659277.jpg','maogang@bytes.com'),(670671,'刘凤英','CDJ7LXgn3K','15272372212','浙江省想县花溪汕尾路','1993-10-20','Future heavy stage spend.','女','浙江省想县花溪汕尾路',1,'./images/headshots/670671.jpg','yong25@google.com'),(674529,'张娟','h53KJfePmH','13873210357','甘肃省长沙市高港卢路','1995-04-07','Bar cold board treatment.','女','甘肃省长沙市高港卢路',0,'/images/headshots/674529.jpg','guiying87@bytes.net'),(681501,'王秀云','B0UNTqB97D','13443565413','重庆市南昌市和平文街','1995-01-05','Long should fire.','男','重庆市南昌市和平文街',1,'/images/headshots/681501.jpg','jie35@bytes.org'),(681927,'王帅','5j9A1L20zL','13860294344','河南省涛县门头沟济南街','2001-06-18','Week establish friend.','男','河南省涛县门头沟济南街',1,'./images/headshots/681927.jpg','jie10@163.org'),(683009,'高成','aIfHfxQs38','14577184381','云南省利市孝南六安街','1989-04-27','Wear sell happen lead market.','女','云南省利市孝南六安街',0,'./images/headshots/683009.jpg','minpeng@qq.org'),(695632,'李波','Khbaw4X6ya','15055034238','山西省英市南溪昆明路','1998-08-21','Couple never by sea maybe forward marriage.','女','山西省英市南溪昆明路',0,'./images/headshots/695632.jpg','minren@qq.org'),(700200,'陶霞','PZT6Lf4aGV','18535349370','黑龙江省上海县清城常路','1997-06-25','Sing to still role fill.','男','黑龙江省上海县清城常路',1,'/images/headshots/700200.jpg','cuijing@facebook.com'),(701032,'田飞','1f9iRo8AX2','15642706947','四川省凯县蓟州詹路','1997-10-18','Congress event federal.','女','四川省凯县蓟州詹路',0,'./images/headshots/701032.jpg','min05@bytes.org'),(703531,'李桂荣','Q5RNeKsUah','18692897172','香港特别行政区东莞市房山林街','1989-10-14','Across culture particularly on cultural walk area.','男','香港特别行政区东莞市房山林街',0,'./images/headshots/703531.jpg','vlin@122.com'),(705898,'郑秀荣','2nT5a3BJoD','15813573951','江西省荣县锡山刘街','1998-05-18','Old action usually young.','女','江西省荣县锡山刘街',0,'/images/headshots/705898.jpg','yangtang@facebook.org'),(711389,'姚东','f6keTkGeUX','13089176032','辽宁省秀兰县清河合山路','1998-10-02','Pressure often occur kid treatment open explain certainly.','男','辽宁省秀兰县清河合山路',0,'./images/headshots/711389.jpg','pfan@122.net'),(713984,'白婷婷','Uz6QkQAWxf','13969888934','山东省杭州县永川哈尔滨路','1988-06-11','Include management eat little strategy.','女','山东省杭州县永川哈尔滨路',0,'./images/headshots/713984.jpg','nayin@bytes.net'),(714767,'钟婷','4FC9pbruFr','15345472259','河北省杭州县江北李街','1988-07-26','First second wonder hard subject investment.','男','河北省杭州县江北李街',1,'/images/headshots/714767.jpg','dingming@163.com'),(714797,'李军','TzH5B8ITsS','18866735971','内蒙古自治区通辽县萧山张路','1987-05-21','Woman herself shake over girl or to smile.','男','内蒙古自治区通辽县萧山张路',0,'./images/headshots/714797.jpg','tao09@qq.org'),(718150,'何玉兰','GywJ8if5Wb','18278839729','浙江省丹丹县华龙台北路','1993-02-09','Get indicate guy day yes.','女','浙江省丹丹县华龙台北路',0,'./images/headshots/718150.jpg','ctao@bytes.org'),(724015,'杜燕','B6polFo4xs','18089863238','河北省六盘水市大兴南昌街','1999-08-15','Who office nearly real.','女','河北省六盘水市大兴南昌街',0,'/images/headshots/724015.jpg','bzeng@facebook.com'),(727082,'刘金凤','yLefUKQPTE','13216644465','天津市欣县长寿成都街','1999-09-28','Politics television authority phone.','女','天津市欣县长寿成都街',0,'/images/headshots/727082.jpg','tangwei@163.com'),(729971,'李建华','2NDiZTPXvT','14595746700','澳门特别行政区贵阳市华龙南宁街','2000-09-13','Stand next miss top future three.','女','澳门特别行政区贵阳市华龙南宁街',1,'./images/headshots/729971.jpg','yong89@facebook.org'),(736763,'赵帆','ZWBKCxmwlm','15121738676','福建省华县西峰贵阳街','1993-08-13','Heart American wife skin.','男','福建省华县西峰贵阳街',1,'./images/headshots/736763.jpg','ilai@google.net'),(739410,'易帅','WBFyAChebb','13501078115','云南省沈阳市浔阳西宁街','1998-02-23','Trip all bad.','女','云南省沈阳市浔阳西宁街',0,'/images/headshots/739410.jpg','glei@qq.com'),(740355,'傅阳','EHNCPm3OXd','14765658827','河南省建华县黄浦深圳路','1987-10-27','Hard task defense particular whatever parent participant this.','男','河南省建华县黄浦深圳路',1,'./images/headshots/740355.jpg','liuchao@bytes.org'),(741127,'张娟','HAQgebOhU5','13742765303','北京市淮安市城东陈街','1992-04-22','Because anyone type majority race more.','女','北京市淮安市城东陈街',1,'./images/headshots/741127.jpg','taoshi@122.com'),(741742,'马娜','GCnfMHOAUF','18755305857','山东省晶县东城张路','1996-06-28','Do democratic floor employee situation sea wind condition.','女','山东省晶县东城张路',1,'./images/headshots/741742.jpg','xiuyinghan@bytes.org'),(743038,'周岩','2KZpxWr1cn','13386576117','安徽省丽娟市兴山段路','1997-12-07','Whole by some certainly.','女','安徽省丽娟市兴山段路',0,'/images/headshots/743038.jpg','kongyong@bytes.com'),(746709,'马淑华','UYneQts8Md','18802018777','湖南省阳市南长武汉街','1995-12-28','Attack baby purpose various once property approach college.','男','湖南省阳市南长武汉街',1,'/images/headshots/746709.jpg','jun21@google.org'),(748085,'段玉珍','3NDDpPoixA','15092222559','黑龙江省阳市安次宜都街','1995-05-04','Country run paper everyone far send material.','男','黑龙江省阳市安次宜都街',1,'./images/headshots/748085.jpg','jie17@facebook.net'),(750606,'林鹏','XQiwNhgsK9','13143006942','山西省燕县沈河淮安路','2000-05-26','Federal avoid beat budget gun likely without.','男','山西省燕县沈河淮安路',1,'/images/headshots/750606.jpg','pingyi@facebook.org'),(753023,'扈丽丽','k8ZligsHDJ','18046133146','湖南省通辽县高坪汕尾路','1987-06-13','Catch east civil force evidence tell else.','女','湖南省通辽县高坪汕尾路',1,'./images/headshots/753023.jpg','ping94@qq.com'),(753855,'侯秀珍','HXDHkOSxZl','15817339932','甘肃省秀英县高港阜新街','1997-04-29','Gun American happy still that.','女','甘肃省秀英县高港阜新街',0,'./images/headshots/753855.jpg','xiahuang@163.net'),(754060,'杨杰','5L1v6cXLnG','13872546905','宁夏回族自治区淮安市丰都深圳路','1987-11-18','Final bad program but keep home fine.','男','宁夏回族自治区淮安市丰都深圳路',0,'./images/headshots/754060.jpg','juan36@122.com'),(754932,'方丽娟','FFTzCgRcS6','18292922074','浙江省慧市高明李街','1997-10-03','Threat role thought same.','女','浙江省慧市高明李街',1,'/images/headshots/754932.jpg','zding@163.org'),(755676,'吴刚','pdQOyrJibR','13375108129','海南省浩市丰都永安街','1996-12-09','Party most recently marriage.','男','海南省浩市丰都永安街',0,'./images/headshots/755676.jpg','chaodai@qq.net'),(761122,'曹敏','0jRbLVdUal','15126216756','青海省嘉禾县沙市荆门街','1997-06-30','Present note become your.','女','青海省嘉禾县沙市荆门街',0,'./images/headshots/761122.jpg','luojie@122.org'),(762821,'潘淑兰','lfmN8bMfAq','13592033438','江苏省福州县吉区齐齐哈尔街','1993-10-27','Other technology than realize.','女','江苏省福州县吉区齐齐哈尔街',1,'./images/headshots/762821.jpg','jun88@google.com'),(765246,'王桂香','H4Fa9G6fx7','15566303299','青海省阳市沙湾刘路','1989-06-22','Tough avoid piece return would news.','女','青海省阳市沙湾刘路',1,'./images/headshots/765246.jpg','gxiong@google.com'),(766541,'冯桂香','OJ8mqgvXm4','15366544307','河北省娜市金平黄街','2001-11-22','Prepare son fear create.','男','河北省娜市金平黄街',0,'./images/headshots/766541.jpg','mayong@qq.org'),(767338,'王凤英','hgSYGToe5T','15948261390','山东省长沙市秀英赖街','1992-01-13','Care professor recognize stay put color top.','女','山东省长沙市秀英赖街',0,'./images/headshots/767338.jpg','xdong@163.org'),(768102,'刘彬','B7QLPKL5GG','13836313586','内蒙古自治区齐齐哈尔市大兴萧路','1994-05-09','Nice capital fire including here.','女','内蒙古自治区齐齐哈尔市大兴萧路',1,'/images/headshots/768102.jpg','juantang@google.org'),(771316,'黄伟','NnmB1XfKzu','13484068532','香港特别行政区峰县丰都哈尔滨街','2002-11-12','Window when work bit issue.','男','香港特别行政区峰县丰都哈尔滨街',0,'./images/headshots/771316.jpg','eyao@122.org'),(772472,'曾帅','efvWqxuRKV','14570945952','广东省贵阳县龙潭昆明路','1998-04-05','Walk over model keep.','男','广东省贵阳县龙潭昆明路',0,'/images/headshots/772472.jpg','mingxiang@qq.org'),(772756,'余华','O8TItbwRMt','18798689806','新疆维吾尔自治区海口市东丽唐路','1989-09-27','Month important wish land poor.','女','新疆维吾尔自治区海口市东丽唐路',0,'/images/headshots/772756.jpg','yang91@qq.net'),(774012,'郭淑华','fXPaKUuAac','15022404129','重庆市重庆县金平姜路','1991-11-20','Reduce try paper report cover.','女','重庆市重庆县金平姜路',0,'/images/headshots/774012.jpg','dujuan@bytes.org'),(777402,'乔玉兰','6ajvoBvP7s','13273394383','安徽省福州市江北吴街','1993-03-06','Contain total early factor under include.','男','安徽省福州市江北吴街',1,'./images/headshots/777402.jpg','jun50@163.net'),(784845,'徐玉','5bsB3K8Vap','13664238737','宁夏回族自治区东莞县永川杭州路','1991-12-04','Argue her hundred drug.','女','宁夏回族自治区东莞县永川杭州路',1,'/images/headshots/784845.jpg','clai@qq.org'),(785793,'曹桂芳','FQaVxKq1UB','13755803613','香港特别行政区石家庄县清浦王街','2000-04-19','Mr somebody else administration act.','女','香港特别行政区石家庄县清浦王街',1,'/images/headshots/785793.jpg','xuping@163.org'),(788848,'邱峰','rbA6H8b5A8','13224212851','山西省军县新城济南街','2000-12-29','Eight explain rich money measure against.','女','山西省军县新城济南街',0,'./images/headshots/788848.jpg','juandong@qq.net'),(791484,'靳淑兰','OYQHSYMUcq','15688195402','江西省武汉市西峰南京路','1989-05-01','Last news learn begin identify behavior fall.','男','江西省武汉市西峰南京路',1,'./images/headshots/791484.jpg','xiulansu@qq.net'),(791818,'刘秀荣','xjMizs6GC9','18708727801','台湾省大冶县长寿韦路','1996-09-11','Throw grow road no.','女','台湾省大冶县长寿韦路',0,'./images/headshots/791818.jpg','duanjuan@122.net'),(795189,'hxkkk','hxk','13215582037',NULL,NULL,NULL,NULL,NULL,NULL,NULL,NULL),(797208,'周想','kwua8DZiFl','15700041992','山东省建军县双滦海口路','1988-09-08','Something different point way although never personal.','男','山东省建军县双滦海口路',0,'./images/headshots/797208.jpg','fangqin@122.com'),(800731,'陈华','P9Km6PImWQ','18883161804','河南省桂芳县浔阳福州路','2000-03-05','During paper purpose material rule natural land.','男','河南省桂芳县浔阳福州路',1,'./images/headshots/800731.jpg','liyan@122.net'),(802927,'高强','5YyTk88KEH','18234515819','福建省上海县城北艾路','1994-04-11','Stage edge daughter note per compare.','女','福建省上海县城北艾路',0,'./images/headshots/802927.jpg','juanlai@qq.org'),(813497,'朱峰','bZuQF2BaTS','15642862007','辽宁省玉珍县海港南京路','2001-08-25','Executive push stock who answer high in.','男','辽宁省玉珍县海港南京路',0,'./images/headshots/813497.jpg','yluo@google.net'),(817309,'孔旭','DHdRKdxzYK','13961057454','吉林省海门县普陀李街','1998-10-14','Create feel approach much.','女','吉林省海门县普陀李街',1,'/images/headshots/817309.jpg','wenming@facebook.com'),(817791,'胡桂珍','mHO0sEjXJE','13303479994','黑龙江省凯县滨城宋街','2003-02-12','Head investment fight up shoulder how.','女','黑龙江省凯县滨城宋街',0,'./images/headshots/817791.jpg','liaoming@122.org'),(818923,'吴桂花','Ljf5pyiuWH','13328601950','北京市长沙市丰都马路','2002-06-22','Next affect difficult parent clear allow free include.','男','北京市长沙市丰都马路',0,'./images/headshots/818923.jpg','qintao@qq.net'),(821349,'沈凤英','JSVQ9kHAMK','13500310273','四川省玉华县山亭刘路','2000-06-30','According goal road hot road bring could girl.','女','四川省玉华县山亭刘路',1,'./images/headshots/821349.jpg','qshao@qq.org'),(828773,'潘淑珍','NYToz12z25','15625549500','安徽省淑华市上街哈尔滨路','1999-09-25','Care sure property indeed involve show can late.','男','安徽省淑华市上街哈尔滨路',0,'/images/headshots/828773.jpg','gujun@facebook.org'),(829010,'刘丽','YBkBYywy9f','18096511502','青海省英市魏都永安街','1988-09-22','Reason need probably total enjoy attack how.','男','青海省英市魏都永安街',0,'/images/headshots/829010.jpg','pingcai@163.com'),(829997,'潘建平','lSmgYNHc9R','13476858963','西藏自治区惠州市金平汕尾路','1996-03-02','Save remain our add question compare here popular.','女','西藏自治区惠州市金平汕尾路',0,'./images/headshots/829997.jpg','xshao@163.net'),(830130,'李杰','W6tPaKIdbX','15194180492','黑龙江省石家庄县金平兴城路','2001-03-14','All hear wall PM group.','男','黑龙江省石家庄县金平兴城路',0,'/images/headshots/830130.jpg','qianggao@bytes.org'),(833919,'殷坤','3XJdjWkFUM','18588958552','北京市明县南溪太原路','2001-07-04','Person relate main imagine technology after.','女','北京市明县南溪太原路',0,'./images/headshots/833919.jpg','xiuyingsun@qq.com'),(844139,'李玉梅','J2MP4dOT9V','13163969773','四川省桂芳市海港陈街','1989-07-09','Alone where management measure civil sure site.','女','四川省桂芳市海港陈街',1,'./images/headshots/844139.jpg','na44@122.com'),(850671,'尹旭','0QLC8yROoF','18107326623','陕西省婷婷县牧野殷路','1992-06-25','Might opportunity program Mrs baby generation trip.','女','陕西省婷婷县牧野殷路',1,'/images/headshots/850671.jpg','xiuying00@google.net'),(855404,'陈金凤','ewqkvUQZAL','15241063462','陕西省丽县合川贵阳路','1996-09-09','Brother task build people painting evidence.','女','陕西省丽县合川贵阳路',0,'./images/headshots/855404.jpg','weiduan@google.net'),(855817,'张洁','HogoHK4PD8','15034070844','新疆维吾尔自治区梅市滨城西安路','1987-04-08','Benefit local cold power yard value.','女','新疆维吾尔自治区梅市滨城西安路',1,'./images/headshots/855817.jpg','dqiao@bytes.net'),(856562,'陈飞','inVN0OqfD8','15384545505','黑龙江省琴县东城兰州街','2002-10-19','Some participant only anything hold down.','男','黑龙江省琴县东城兰州街',0,'./images/headshots/856562.jpg','ming19@bytes.net'),(856944,'彭凤英','wzR1JVMoXr','13477657112','辽宁省长春市徐汇姜路','1999-12-08','Movie stuff money final middle arm.','男','辽宁省长春市徐汇姜路',0,'./images/headshots/856944.jpg','dshao@qq.net'),(859425,'许萍','k8SPnIoQM1','15901045040','陕西省淑华市丰都李街','2002-07-07','Task machine affect sell.','男','陕西省淑华市丰都李街',1,'/images/headshots/859425.jpg','ldeng@122.com'),(862205,'陈婷','vdJCVpDoEi','13428868577','湖北省秀兰市白云李街','1999-10-31','Race second debate effect serious.','男','湖北省秀兰市白云李街',1,'./images/headshots/862205.jpg','pinglei@facebook.net'),(867207,'谷楠','AZH5s3mi42','18935843567','浙江省秀华县怀柔辛集路','1991-10-22','Can test recently benefit any parent result.','男','浙江省秀华县怀柔辛集路',0,'./images/headshots/867207.jpg','hujie@bytes.net'),(868390,'李波','CVIWyRqhan','13118748121','贵州省贵阳市合川鞠街','1992-06-30','Fast American let pay investment minute.','男','贵州省贵阳市合川鞠街',0,'./images/headshots/868390.jpg','ixiao@qq.org'),(872909,'王丽','D18WHgYhX7','15572971887','宁夏回族自治区利县花溪赵街','1993-04-23','Report of bring.','女','宁夏回族自治区利县花溪赵街',1,'./images/headshots/872909.jpg','chao96@qq.com'),(880789,'叶建国','rzxkzfDqWt','15556664555','广东省呼和浩特市沙湾陈路','2001-12-02','Strategy five machine others international investment then.','女','广东省呼和浩特市沙湾陈路',1,'./images/headshots/880789.jpg','caoxiulan@qq.org'),(881321,'钱玉华','IX0tOP5ZsD','15397422118','安徽省宁县新城西宁路','1997-04-11','Small raise structure write.','男','安徽省宁县新城西宁路',1,'/images/headshots/881321.jpg','fyan@bytes.org'),(882698,'张丽华','vEcqkZtA8P','18526618553','西藏自治区小红市怀柔北京路','2002-06-21','Responsibility writer half knowledge her short bag.','女','西藏自治区小红市怀柔北京路',0,'./images/headshots/882698.jpg','laiguiying@qq.net'),(883522,'魏淑英','222GG5ZIOW','18155097750','山东省秀兰市六枝特翟街','2002-07-31','Far describe take different us particularly.','女','山东省秀兰市六枝特翟街',0,'./images/headshots/883522.jpg','awei@qq.com'),(883689,'张欣','ePbxuANje4','15715831563','安徽省林县翔安高街','1991-09-22','Evidence democratic let tend word laugh sing.','男','安徽省林县翔安高街',0,'./images/headshots/883689.jpg','na47@bytes.com'),(885309,'魏丽丽','xDMr7I11WI','13559760945','宁夏回族自治区红霞县白云台北路','1993-02-06','Reflect send forget serious fund state.','女','宁夏回族自治区红霞县白云台北路',1,'./images/headshots/885309.jpg','nakang@122.net'),(885455,'张冬梅','bh2m5NmoHg','13059680073','台湾省帆市花溪南昌路','1988-01-25','Western much parent top want score.','男','台湾省帆市花溪南昌路',0,'./images/headshots/885455.jpg','wanxiuying@122.org'),(885812,'黄柳','5Yh2bMSpRq','13082541923','山东省波市白云李路','1988-10-23','Here follow heart.','男','山东省波市白云李路',1,'./images/headshots/885812.jpg','yongyuan@163.org'),(886139,'倪婷','LePxQKwvHz','18714990856','江西省通辽县华龙李路','1999-06-29','Mind country product.','女','江西省通辽县华龙李路',0,'./images/headshots/886139.jpg','xlei@facebook.com'),(894217,'胡玉','eHwr6f8RC3','13627452628','宁夏回族自治区飞市东丽何街','2003-02-25','Sister car value thank modern four more.','男','宁夏回族自治区飞市东丽何街',1,'/images/headshots/894217.jpg','wangjie@122.org'),(896999,'彭建平','kTELtPRcAZ','18766001708','澳门特别行政区马鞍山县城北张街','1991-04-23','Mouth wonder edge six dog five start.','男','澳门特别行政区马鞍山县城北张街',0,'./images/headshots/896999.jpg','pxue@163.org'),(899620,'姚桂荣','jkv9b5uI5t','15847715712','安徽省建华县吉区叶街','2002-07-15','Purpose safe rich friend treatment serious understand.','女','安徽省建华县吉区叶街',0,'/images/headshots/899620.jpg','lei89@qq.org'),(903847,'施利','qWvtGjt4GV','18755162074','山东省建县合川大冶街','1998-05-22','Must catch necessary least rule foreign.','女','山东省建县合川大冶街',1,'./images/headshots/903847.jpg','lma@bytes.org'),(904769,'王建华','aYmreHFqvw','13949288321','台湾省兰英县南长刘路','2000-02-15','Spring there book strong participant crime.','女','台湾省兰英县南长刘路',1,'/images/headshots/904769.jpg','yanguiying@122.org'),(907225,'韦桂花','K2GTdF6IEM','13224910731','浙江省阳县东丽严街','1988-09-15','Statement chance behavior food feel force official.','男','浙江省阳县东丽严街',1,'./images/headshots/907225.jpg','fangfang@qq.org'),(907433,'李雪梅','REveZ8bnJ9','13385228981','天津市雪县金平李街','1992-08-29','Help place glass collection campaign many.','男','天津市雪县金平李街',0,'./images/headshots/907433.jpg','houwei@facebook.org'),(913232,'潘建平','La8oTo2Oxy','13314218224','上海市凤英县东丽永安路','2001-04-22','Set past finish career.','男','上海市凤英县东丽永安路',0,'./images/headshots/913232.jpg','taowei@qq.org'),(913240,'国建军','UcpU1aIoZ2','15350133257','宁夏回族自治区大冶市徐汇李街','1998-03-27','South eat line on security opportunity write owner.','女','宁夏回族自治区大冶市徐汇李街',1,'/images/headshots/913240.jpg','yongli@122.com'),(918955,'符雪梅','cUQSihnRw1','18579124047','安徽省太原县吉区淮安街','1995-01-01','Art help half consider career.','女','安徽省太原县吉区淮安街',0,'./images/headshots/918955.jpg','xiuyingmao@163.net'),(919684,'陈冬梅','gFWVRdKe5f','15955285996','广西壮族自治区杭州县清河曹街','1988-10-26','Much father use any.','男','广西壮族自治区杭州县清河曹街',1,'./images/headshots/919684.jpg','ytan@163.com'),(920021,'梁瑞','DQUxlkvWRy','15801918741','湖南省婷婷市新城孟路','2002-07-10','Her friend accept style.','男','湖南省婷婷市新城孟路',0,'./images/headshots/920021.jpg','haoyan@bytes.org'),(923020,'杨浩','aH6B8dfksT','15622164556','河北省兰英县双滦北京路','1987-10-03','Major start evening great size.','女','河北省兰英县双滦北京路',1,'./images/headshots/923020.jpg','juankong@google.org'),(929117,'蒋雷','aLYMDzVjD1','13741709163','江西省永安县永川崔街','2002-02-25','Difference third relate.','男','江西省永安县永川崔街',0,'/images/headshots/929117.jpg','schang@qq.com'),(929785,'马兵','sRa72omZhy','15061269657','河南省秀芳县魏都杨路','1994-02-16','Head generation wish girl.','女','河南省秀芳县魏都杨路',1,'/images/headshots/929785.jpg','haojie@163.org'),(944617,'韦洋','vsoU2AGv9o','15724440191','云南省佛山市永川辽阳街','1994-05-03','Yes try news clear friend.','男','云南省佛山市永川辽阳街',1,'/images/headshots/944617.jpg','pengtao@bytes.net'),(949386,'郑亮','me6ZhUthJm','13406777139','黑龙江省华市山亭陈路','2002-07-10','Near scientist quality pass.','女','黑龙江省华市山亭陈路',0,'/images/headshots/949386.jpg','kshi@122.net'),(950669,'张桂芳','F4nxSH8IoU','13966927683','吉林省六安县海陵何街','1991-09-30','Just sit anyone thing wide.','女','吉林省六安县海陵何街',0,'./images/headshots/950669.jpg','xiacui@bytes.net'),(951892,'谭峰','IZi6phzROZ','13263413701','香港特别行政区雪梅县永川呼和浩特街','1999-10-25','Investment result common personal.','男','香港特别行政区雪梅县永川呼和浩特街',0,'/images/headshots/951892.jpg','xiamao@qq.com'),(953604,'朱丽','GakeC3sIy7','14587764573','黑龙江省太原县平山梅路','1994-03-04','Budget year perhaps benefit deep wall crime.','男','黑龙江省太原县平山梅路',0,'./images/headshots/953604.jpg','yefang@google.net'),(962528,'罗淑兰','fG6JI3SF4C','13278678049','广西壮族自治区倩市吉区徐路','1996-07-09','Deal recognize page no example hot.','男','广西壮族自治区倩市吉区徐路',1,'./images/headshots/962528.jpg','qtian@qq.net'),(963829,'潘玲','H8OtSausfn','13017378183','河南省佳县浔阳关岭路','1994-05-17','Evidence source type citizen truth every hand.','女','河南省佳县浔阳关岭路',1,'./images/headshots/963829.jpg','luna@163.org'),(964348,'汤龙','ZBC9E77AV4','13130663939','青海省鑫县牧野叶路','2001-12-18','Explain position head establish.','男','青海省鑫县牧野叶路',1,'./images/headshots/964348.jpg','wangxiulan@google.net'),(964565,'刘辉','9181UgbPby','18213759097','江西省兴安盟市华龙西宁街','1994-09-28','Kind join idea turn finally.','男','江西省兴安盟市华龙西宁街',1,'/images/headshots/964565.jpg','taojiang@facebook.net'),(965384,'黄雷','MFFxqJaIA1','14739491736','山西省郑州市华龙方路','1996-02-02','Small state ok.','男','山西省郑州市华龙方路',1,'./images/headshots/965384.jpg','xiuying35@122.net'),(970211,'李秀梅','3yp5rAVWI3','14749497515','北京市通辽市新城澳门街','1999-04-29','Happen top minute simply why discuss.','女','北京市通辽市新城澳门街',0,'./images/headshots/970211.jpg','yyuan@facebook.org'),(972218,'乔琳','vG895FKFtT','15037034419','香港特别行政区超县清河兰州街','1987-08-08','House peace part list term behavior enough.','女','香港特别行政区超县清河兰州街',1,'./images/headshots/972218.jpg','gangren@bytes.com'),(973988,'蔡鑫','vy2vPJFkEl','18575486982','吉林省宁德市和平拉萨街','1994-09-06','Strategy blood number.','男','吉林省宁德市和平拉萨街',0,'./images/headshots/973988.jpg','yankang@bytes.org'),(977073,'pxr111','123456','19914657628',NULL,NULL,NULL,NULL,NULL,NULL,NULL,NULL),(978676,'刘慧','QiPfxJ7MCX','13655380552','湖北省玲县梁平西安街','1995-05-27','Born anything serious experience dark over by.','女','湖北省玲县梁平西安街',1,'./images/headshots/978676.jpg','mingxie@facebook.net'),(982946,'范艳','W8k7VXingP','14511793893','甘肃省建国市徐汇宋街','2002-02-07','Example decision mind condition its series human across.','男','甘肃省建国市徐汇宋街',0,'/images/headshots/982946.jpg','panjie@google.org'),(984225,'余洁','3OqQ7p0ZQY','15597070537','陕西省太原县丰都刘街','2001-07-12','Onto wish bed or affect where.','女','陕西省太原县丰都刘街',1,'./images/headshots/984225.jpg','jingdeng@qq.com'),(985897,'test6','e10adc3949ba59abbe56e057f20f883e','19999999994',NULL,NULL,NULL,NULL,NULL,NULL,NULL,NULL),(986335,'张旭','lp7H6i1MHz','15944966098','澳门特别行政区霞县大东巢湖街','1989-07-28','Project force factor role.','男','澳门特别行政区霞县大东巢湖街',0,'./images/headshots/986335.jpg','xujie@163.net'),(987186,'刘欣','4flssuyvgO','15714317114','北京市涛县翔安蒙街','2002-04-09','Left song subject life person structure understand.','男','北京市涛县翔安蒙街',0,'./images/headshots/987186.jpg','xuefang@163.com'),(994631,'周秀荣','TXIVksDvao','13775740689','青海省佛山市南溪林路','1993-12-02','Page wind inside clear.','男','青海省佛山市南溪林路',0,'/images/headshots/994631.jpg','guiying51@163.com'),(998115,'陈冬梅','9Suko3cDsl','14510520520','浙江省雪梅县翔安通辽路','1988-04-13','Common before law probably night movement.','女','浙江省雪梅县翔安通辽路',1,'./images/headshots/998115.jpg','xiulan08@163.com');
/*!40000 ALTER TABLE `users` ENABLE KEYS */;
UNLOCK TABLES;

--
-- Dumping events for database 'clock'
--

--
-- Dumping routines for database 'clock'
--
/*!40103 SET TIME_ZONE=@OLD_TIME_ZONE */;

/*!40101 SET SQL_MODE=@OLD_SQL_MODE */;
/*!40014 SET FOREIGN_KEY_CHECKS=@OLD_FOREIGN_KEY_CHECKS */;
/*!40014 SET UNIQUE_CHECKS=@OLD_UNIQUE_CHECKS */;
/*!40101 SET CHARACTER_SET_CLIENT=@OLD_CHARACTER_SET_CLIENT */;
/*!40101 SET CHARACTER_SET_RESULTS=@OLD_CHARACTER_SET_RESULTS */;
/*!40101 SET COLLATION_CONNECTION=@OLD_COLLATION_CONNECTION */;
/*!40111 SET SQL_NOTES=@OLD_SQL_NOTES */;

-- Dump completed on 2023-03-28 20:48:59
